Number of species	2
Number of genes	52618
Number of genes in orthogroups	49877
Number of unassigned genes	2741
Percentage of genes in orthogroups	94.8
Percentage of unassigned genes	5.2
Number of orthogroups	15293
Number of species-specific orthogroups	932
Number of genes in species-specific orthogroups	6235
Percentage of genes in species-specific orthogroups	11.8
Mean orthogroup size	3.3
Median orthogroup size	2.0
G50 (assigned genes)	3
G50 (all genes)	3
O50 (assigned genes)	4031
O50 (all genes)	4488
Number of orthogroups with all species present	14361
Number of single-copy orthogroups	8495
Date	2023-02-16
Orthogroups file	Orthogroups.tsv
Unassigned genes file	Orthogroups_UnassignedGenes.tsv
Per-species statistics	Statistics_PerSpecies.tsv
Overall statistics	Statistics_Overall.tsv
Orthogroups shared between species	Orthogroups_SpeciesOverlaps.tsv

Average number of genes per-species in orthogroup	Number of orthogroups	Percentage of orthogroups	Number of genes	Percentage of genes
<1	0	0.0	0	0.0
'1	11449	74.9	25499	51.1
'2	2631	17.2	11286	22.6
'3	626	4.1	3996	8.0
'4	215	1.4	1810	3.6
'5	118	0.8	1231	2.5
'6	67	0.4	839	1.7
'7	42	0.3	608	1.2
'8	34	0.2	558	1.1
'9	16	0.1	297	0.6
'10	13	0.1	265	0.5
11-15	45	0.3	1140	2.3
16-20	14	0.1	497	1.0
21-50	17	0.1	1062	2.1
51-100	6	0.0	789	1.6
101-150	0	0.0	0	0.0
151-200	0	0.0	0	0.0
201-500	0	0.0	0	0.0
501-1000	0	0.0	0	0.0
'1001+	0	0.0	0	0.0

Number of species in orthogroup	Number of orthogroups
1	932
2	14361
