	Aar	Chi
Number of genes	23160	29458
Number of genes in orthogroups	21882	27995
Number of unassigned genes	1278	1463
Percentage of genes in orthogroups	94.5	95.0
Percentage of unassigned genes	5.5	5.0
Number of orthogroups containing species	14694	14960
Percentage of orthogroups containing species	96.1	97.8
Number of species-specific orthogroups	333	599
Number of genes in species-specific orthogroups	2162	4073
Percentage of genes in species-specific orthogroups	9.3	13.8


Number of genes per-species in orthogroup	Number of orthogroups	Number of orthogroups
'0	599	333
'1	10901	9570
'2	2708	3331
'3	583	1017
'4	188	398
'5	106	182
'6	51	113
'7	30	58
'8	22	54
'9	20	48
'10	15	32
11-15	36	66
16-20	15	31
21-50	16	46
51-100	1	10
101-150	1	3
151-200	1	1
201-500	0	0
501-1000	0	0
'1001+	0	0

Number of genes per-species in orthogroup	Percentage of orthogroups	Percentage of orthogroups
'0	3.9	2.2
'1	71.3	62.6
'2	17.7	21.8
'3	3.8	6.7
'4	1.2	2.6
'5	0.7	1.2
'6	0.3	0.7
'7	0.2	0.4
'8	0.1	0.4
'9	0.1	0.3
'10	0.1	0.2
11-15	0.2	0.4
16-20	0.1	0.2
21-50	0.1	0.3
51-100	0.0	0.1
101-150	0.0	0.0
151-200	0.0	0.0
201-500	0.0	0.0
501-1000	0.0	0.0
'1001+	0.0	0.0

Number of genes per-species in orthogroup	Number of genes	Number of genes
'0	0	0
'1	10901	9570
'2	5416	6662
'3	1749	3051
'4	752	1592
'5	530	910
'6	306	678
'7	210	406
'8	176	432
'9	180	432
'10	150	320
11-15	455	829
16-20	263	551
21-50	467	1333
51-100	56	716
101-150	109	352
151-200	162	161
201-500	0	0
501-1000	0	0
'1001+	0	0

Number of genes per-species in orthogroup	Percentage of genes	Percentage of genes
'0	0.0	0.0
'1	47.1	32.5
'2	23.4	22.6
'3	7.6	10.4
'4	3.2	5.4
'5	2.3	3.1
'6	1.3	2.3
'7	0.9	1.4
'8	0.8	1.5
'9	0.8	1.5
'10	0.6	1.1
11-15	2.0	2.8
16-20	1.1	1.9
21-50	2.0	4.5
51-100	0.2	2.4
101-150	0.5	1.2
151-200	0.7	0.5
201-500	0.0	0.0
501-1000	0.0	0.0
'1001+	0.0	0.0
