	Bra	Cru
Number of genes	40492	27682
Number of genes in orthogroups	37859	26769
Number of unassigned genes	2633	913
Percentage of genes in orthogroups	93.5	96.7
Percentage of unassigned genes	6.5	3.3
Number of orthogroups containing species	18617	18096
Percentage of orthogroups containing species	97.7	94.9
Number of species-specific orthogroups	969	448
Number of genes in species-specific orthogroups	4497	2293
Percentage of genes in species-specific orthogroups	11.1	8.3


Number of genes per-species in orthogroup	Number of orthogroups	Number of orthogroups
'0	448	969
'1	8442	13674
'2	5941	3000
'3	2591	680
'4	772	261
'5	380	160
'6	185	89
'7	97	51
'8	62	40
'9	40	25
'10	15	20
11-15	53	53
16-20	14	26
21-50	20	17
51-100	3	0
101-150	2	0
151-200	0	0
201-500	0	0
501-1000	0	0
'1001+	0	0

Number of genes per-species in orthogroup	Percentage of orthogroups	Percentage of orthogroups
'0	2.3	5.1
'1	44.3	71.7
'2	31.2	15.7
'3	13.6	3.6
'4	4.0	1.4
'5	2.0	0.8
'6	1.0	0.5
'7	0.5	0.3
'8	0.3	0.2
'9	0.2	0.1
'10	0.1	0.1
11-15	0.3	0.3
16-20	0.1	0.1
21-50	0.1	0.1
51-100	0.0	0.0
101-150	0.0	0.0
151-200	0.0	0.0
201-500	0.0	0.0
501-1000	0.0	0.0
'1001+	0.0	0.0

Number of genes per-species in orthogroup	Number of genes	Number of genes
'0	0	0
'1	8442	13674
'2	11882	6000
'3	7773	2040
'4	3088	1044
'5	1900	800
'6	1110	534
'7	679	357
'8	496	320
'9	360	225
'10	150	200
11-15	653	656
16-20	250	443
21-50	618	476
51-100	218	0
101-150	240	0
151-200	0	0
201-500	0	0
501-1000	0	0
'1001+	0	0

Number of genes per-species in orthogroup	Percentage of genes	Percentage of genes
'0	0.0	0.0
'1	20.8	49.4
'2	29.3	21.7
'3	19.2	7.4
'4	7.6	3.8
'5	4.7	2.9
'6	2.7	1.9
'7	1.7	1.3
'8	1.2	1.2
'9	0.9	0.8
'10	0.4	0.7
11-15	1.6	2.4
16-20	0.6	1.6
21-50	1.5	1.7
51-100	0.5	0.0
101-150	0.6	0.0
151-200	0.0	0.0
201-500	0.0	0.0
501-1000	0.0	0.0
'1001+	0.0	0.0
