Number of species	2
Number of genes	68174
Number of genes in orthogroups	64628
Number of unassigned genes	3546
Percentage of genes in orthogroups	94.8
Percentage of unassigned genes	5.2
Number of orthogroups	19065
Number of species-specific orthogroups	1417
Number of genes in species-specific orthogroups	6790
Percentage of genes in species-specific orthogroups	10.0
Mean orthogroup size	3.4
Median orthogroup size	3.0
G50 (assigned genes)	4
G50 (all genes)	3
O50 (assigned genes)	5677
O50 (all genes)	6219
Number of orthogroups with all species present	17648
Number of single-copy orthogroups	7472
Date	2023-02-14
Orthogroups file	Orthogroups.tsv
Unassigned genes file	Orthogroups_UnassignedGenes.tsv
Per-species statistics	Statistics_PerSpecies.tsv
Overall statistics	Statistics_Overall.tsv
Orthogroups shared between species	Orthogroups_SpeciesOverlaps.tsv

Average number of genes per-species in orthogroup	Number of orthogroups	Percentage of orthogroups	Number of genes	Percentage of genes
<1	0	0.0	0	0.0
'1	13243	69.5	31731	49.1
'2	4054	21.3	17483	27.1
'3	999	5.2	6316	9.8
'4	407	2.1	3400	5.3
'5	142	0.7	1465	2.3
'6	79	0.4	979	1.5
'7	41	0.2	591	0.9
'8	26	0.1	429	0.7
'9	17	0.1	315	0.5
'10	11	0.1	224	0.3
11-15	26	0.1	656	1.0
16-20	10	0.1	357	0.6
21-50	8	0.0	442	0.7
51-100	2	0.0	240	0.4
101-150	0	0.0	0	0.0
151-200	0	0.0	0	0.0
201-500	0	0.0	0	0.0
501-1000	0	0.0	0	0.0
'1001+	0	0.0	0	0.0

Number of species in orthogroup	Number of orthogroups
1	1417
2	17648
