	Csa	Tar
Number of genes	85151	26392
Number of genes in orthogroups	73857	24553
Number of unassigned genes	11294	1839
Percentage of genes in orthogroups	86.7	93.0
Percentage of unassigned genes	13.3	7.0
Number of orthogroups containing species	20962	15682
Percentage of orthogroups containing species	97.1	72.6
Number of species-specific orthogroups	5904	624
Number of genes in species-specific orthogroups	25398	2815
Percentage of genes in species-specific orthogroups	29.8	10.7


Number of genes per-species in orthogroup	Number of orthogroups	Number of orthogroups
'0	624	5904
'1	3253	11457
'2	3177	2622
'3	9195	786
'4	1969	319
'5	980	164
'6	908	93
'7	395	54
'8	263	40
'9	201	25
'10	126	24
11-15	287	57
16-20	92	21
21-50	93	19
51-100	17	1
101-150	1	0
151-200	3	0
201-500	1	0
501-1000	1	0
'1001+	0	0

Number of genes per-species in orthogroup	Percentage of orthogroups	Percentage of orthogroups
'0	2.9	27.4
'1	15.1	53.1
'2	14.7	12.1
'3	42.6	3.6
'4	9.1	1.5
'5	4.5	0.8
'6	4.2	0.4
'7	1.8	0.3
'8	1.2	0.2
'9	0.9	0.1
'10	0.6	0.1
11-15	1.3	0.3
16-20	0.4	0.1
21-50	0.4	0.1
51-100	0.1	0.0
101-150	0.0	0.0
151-200	0.0	0.0
201-500	0.0	0.0
501-1000	0.0	0.0
'1001+	0.0	0.0

Number of genes per-species in orthogroup	Number of genes	Number of genes
'0	0	0
'1	3253	11457
'2	6354	5244
'3	27585	2358
'4	7876	1276
'5	4900	820
'6	5448	558
'7	2765	378
'8	2104	320
'9	1809	225
'10	1260	240
11-15	3588	723
16-20	1602	362
21-50	2667	540
51-100	1171	52
101-150	106	0
151-200	547	0
201-500	317	0
501-1000	505	0
'1001+	0	0

Number of genes per-species in orthogroup	Percentage of genes	Percentage of genes
'0	0.0	0.0
'1	3.8	43.4
'2	7.5	19.9
'3	32.4	8.9
'4	9.2	4.8
'5	5.8	3.1
'6	6.4	2.1
'7	3.2	1.4
'8	2.5	1.2
'9	2.1	0.9
'10	1.5	0.9
11-15	4.2	2.7
16-20	1.9	1.4
21-50	3.1	2.0
51-100	1.4	0.2
101-150	0.1	0.0
151-200	0.6	0.0
201-500	0.4	0.0
501-1000	0.6	0.0
'1001+	0.0	0.0
