Number of species	2
Number of genes	111543
Number of genes in orthogroups	98410
Number of unassigned genes	13133
Percentage of genes in orthogroups	88.2
Percentage of unassigned genes	11.8
Number of orthogroups	21586
Number of species-specific orthogroups	6528
Number of genes in species-specific orthogroups	28213
Percentage of genes in species-specific orthogroups	25.3
Mean orthogroup size	4.6
Median orthogroup size	4.0
G50 (assigned genes)	5
G50 (all genes)	4
O50 (assigned genes)	6213
O50 (all genes)	7836
Number of orthogroups with all species present	15058
Number of single-copy orthogroups	2424
Date	2023-02-17
Orthogroups file	Orthogroups.tsv
Unassigned genes file	Orthogroups_UnassignedGenes.tsv
Per-species statistics	Statistics_PerSpecies.tsv
Overall statistics	Statistics_Overall.tsv
Orthogroups shared between species	Orthogroups_SpeciesOverlaps.tsv

Average number of genes per-species in orthogroup	Number of orthogroups	Percentage of orthogroups	Number of genes	Percentage of genes
<1	0	0.0	0	0.0
'1	8367	38.8	21103	21.4
'2	9233	42.8	39235	39.9
'3	2141	9.9	13745	14.0
'4	828	3.8	6945	7.1
'5	370	1.7	3836	3.9
'6	228	1.1	2829	2.9
'7	122	0.6	1766	1.8
'8	86	0.4	1416	1.4
'9	42	0.2	775	0.8
'10	27	0.1	551	0.6
11-15	83	0.4	2105	2.1
16-20	21	0.1	732	0.7
21-50	32	0.1	1883	1.9
51-100	4	0.0	664	0.7
101-150	0	0.0	0	0.0
151-200	1	0.0	318	0.3
201-500	1	0.0	507	0.5
501-1000	0	0.0	0	0.0
'1001+	0	0.0	0	0.0

Number of species in orthogroup	Number of orthogroups
1	6528
2	15058
