Number of species	2
Number of genes	112805
Number of genes in orthogroups	98107
Number of unassigned genes	14698
Percentage of genes in orthogroups	87.0
Percentage of unassigned genes	13.0
Number of orthogroups	22926
Number of species-specific orthogroups	3930
Number of genes in species-specific orthogroups	15907
Percentage of genes in species-specific orthogroups	14.1
Mean orthogroup size	4.3
Median orthogroup size	4.0
G50 (assigned genes)	4
G50 (all genes)	4
O50 (assigned genes)	7343
O50 (all genes)	9180
Number of orthogroups with all species present	18996
Number of single-copy orthogroups	3572
Date	2023-02-14
Orthogroups file	Orthogroups.tsv
Unassigned genes file	Orthogroups_UnassignedGenes.tsv
Per-species statistics	Statistics_PerSpecies.tsv
Overall statistics	Statistics_Overall.tsv
Orthogroups shared between species	Orthogroups_SpeciesOverlaps.tsv

Average number of genes per-species in orthogroup	Number of orthogroups	Percentage of orthogroups	Number of genes	Percentage of genes
<1	0	0.0	0	0.0
'1	8267	36.1	19786	20.2
'2	11150	48.6	46858	47.8
'3	1855	8.1	11853	12.1
'4	826	3.6	6917	7.1
'5	353	1.5	3695	3.8
'6	169	0.7	2105	2.1
'7	85	0.4	1220	1.2
'8	69	0.3	1135	1.2
'9	42	0.2	774	0.8
'10	23	0.1	468	0.5
11-15	48	0.2	1199	1.2
16-20	20	0.1	717	0.7
21-50	17	0.1	1057	1.1
51-100	2	0.0	323	0.3
101-150	0	0.0	0	0.0
151-200	0	0.0	0	0.0
201-500	0	0.0	0	0.0
501-1000	0	0.0	0	0.0
'1001+	0	0.0	0	0.0

Number of species in orthogroup	Number of orthogroups
1	3930
2	18996
