	Ath	Csa
Number of genes	27654	85151
Number of genes in orthogroups	25810	72297
Number of unassigned genes	1844	12854
Percentage of genes in orthogroups	93.3	84.9
Percentage of unassigned genes	6.7	15.1
Number of orthogroups containing species	19371	22551
Percentage of orthogroups containing species	84.5	98.4
Number of species-specific orthogroups	375	3555
Number of genes in species-specific orthogroups	1413	14494
Percentage of genes in species-specific orthogroups	5.1	17.0


Number of genes per-species in orthogroup	Number of orthogroups	Number of orthogroups
'0	3555	375
'1	15794	3981
'2	2470	3820
'3	571	9544
'4	230	2161
'5	108	1049
'6	63	756
'7	23	372
'8	30	228
'9	19	182
'10	16	109
11-15	27	213
16-20	11	66
21-50	9	59
51-100	0	9
101-150	0	1
151-200	0	1
201-500	0	0
501-1000	0	0
'1001+	0	0

Number of genes per-species in orthogroup	Percentage of orthogroups	Percentage of orthogroups
'0	15.5	1.6
'1	68.9	17.4
'2	10.8	16.7
'3	2.5	41.6
'4	1.0	9.4
'5	0.5	4.6
'6	0.3	3.3
'7	0.1	1.6
'8	0.1	1.0
'9	0.1	0.8
'10	0.1	0.5
11-15	0.1	0.9
16-20	0.0	0.3
21-50	0.0	0.3
51-100	0.0	0.0
101-150	0.0	0.0
151-200	0.0	0.0
201-500	0.0	0.0
501-1000	0.0	0.0
'1001+	0.0	0.0

Number of genes per-species in orthogroup	Number of genes	Number of genes
'0	0	0
'1	15794	3981
'2	4940	7640
'3	1713	28632
'4	920	8644
'5	540	5245
'6	378	4536
'7	161	2604
'8	240	1824
'9	171	1638
'10	160	1090
11-15	332	2656
16-20	195	1155
21-50	266	1660
51-100	0	670
101-150	0	137
151-200	0	185
201-500	0	0
501-1000	0	0
'1001+	0	0

Number of genes per-species in orthogroup	Percentage of genes	Percentage of genes
'0	0.0	0.0
'1	57.1	4.7
'2	17.9	9.0
'3	6.2	33.6
'4	3.3	10.2
'5	2.0	6.2
'6	1.4	5.3
'7	0.6	3.1
'8	0.9	2.1
'9	0.6	1.9
'10	0.6	1.3
11-15	1.2	3.1
16-20	0.7	1.4
21-50	1.0	1.9
51-100	0.0	0.8
101-150	0.0	0.2
151-200	0.0	0.2
201-500	0.0	0.0
501-1000	0.0	0.0
'1001+	0.0	0.0
