	Aar	Sal
Number of genes	23160	41127
Number of genes in orthogroups	21927	36710
Number of unassigned genes	1233	4417
Percentage of genes in orthogroups	94.7	89.3
Percentage of unassigned genes	5.3	10.7
Number of orthogroups containing species	14501	16131
Percentage of orthogroups containing species	88.2	98.1
Number of species-specific orthogroups	311	1941
Number of genes in species-specific orthogroups	1737	9661
Percentage of genes in species-specific orthogroups	7.5	23.5


Number of genes per-species in orthogroup	Number of orthogroups	Number of orthogroups
'0	1941	311
'1	10693	6917
'2	2672	5234
'3	601	2211
'4	211	799
'5	95	385
'6	54	207
'7	39	109
'8	29	47
'9	16	28
'10	12	31
11-15	34	80
16-20	21	34
21-50	20	32
51-100	3	8
101-150	1	6
151-200	0	1
201-500	0	2
501-1000	0	0
'1001+	0	0

Number of genes per-species in orthogroup	Percentage of orthogroups	Percentage of orthogroups
'0	11.8	1.9
'1	65.0	42.1
'2	16.3	31.8
'3	3.7	13.4
'4	1.3	4.9
'5	0.6	2.3
'6	0.3	1.3
'7	0.2	0.7
'8	0.2	0.3
'9	0.1	0.2
'10	0.1	0.2
11-15	0.2	0.5
16-20	0.1	0.2
21-50	0.1	0.2
51-100	0.0	0.0
101-150	0.0	0.0
151-200	0.0	0.0
201-500	0.0	0.0
501-1000	0.0	0.0
'1001+	0.0	0.0

Number of genes per-species in orthogroup	Number of genes	Number of genes
'0	0	0
'1	10693	6917
'2	5344	10468
'3	1803	6633
'4	844	3196
'5	475	1925
'6	324	1242
'7	273	763
'8	232	376
'9	144	252
'10	120	310
11-15	425	985
16-20	375	600
21-50	576	1071
51-100	187	528
101-150	112	715
151-200	0	179
201-500	0	550
501-1000	0	0
'1001+	0	0

Number of genes per-species in orthogroup	Percentage of genes	Percentage of genes
'0	0.0	0.0
'1	46.2	16.8
'2	23.1	25.5
'3	7.8	16.1
'4	3.6	7.8
'5	2.1	4.7
'6	1.4	3.0
'7	1.2	1.9
'8	1.0	0.9
'9	0.6	0.6
'10	0.5	0.8
11-15	1.8	2.4
16-20	1.6	1.5
21-50	2.5	2.6
51-100	0.8	1.3
101-150	0.5	1.7
151-200	0.0	0.4
201-500	0.0	1.3
501-1000	0.0	0.0
'1001+	0.0	0.0
