Number of species	2
Number of genes	64287
Number of genes in orthogroups	58637
Number of unassigned genes	5650
Percentage of genes in orthogroups	91.2
Percentage of unassigned genes	8.8
Number of orthogroups	16442
Number of species-specific orthogroups	2252
Number of genes in species-specific orthogroups	11398
Percentage of genes in species-specific orthogroups	17.7
Mean orthogroup size	3.6
Median orthogroup size	3.0
G50 (assigned genes)	4
G50 (all genes)	3
O50 (assigned genes)	4563
O50 (all genes)	5323
Number of orthogroups with all species present	14190
Number of single-copy orthogroups	5807
Date	2023-02-18
Orthogroups file	Orthogroups.tsv
Unassigned genes file	Orthogroups_UnassignedGenes.tsv
Per-species statistics	Statistics_PerSpecies.tsv
Overall statistics	Statistics_Overall.tsv
Orthogroups shared between species	Orthogroups_SpeciesOverlaps.tsv

Average number of genes per-species in orthogroup	Number of orthogroups	Percentage of orthogroups	Number of genes	Percentage of genes
<1	0	0.0	0	0.0
'1	11335	68.9	27140	46.3
'2	3487	21.2	15066	25.7
'3	937	5.7	5942	10.1
'4	326	2.0	2721	4.6
'5	107	0.7	1122	1.9
'6	76	0.5	945	1.6
'7	29	0.2	419	0.7
'8	26	0.2	428	0.7
'9	26	0.2	481	0.8
'10	15	0.1	306	0.5
11-15	35	0.2	905	1.5
16-20	14	0.1	523	0.9
21-50	19	0.1	1082	1.8
51-100	8	0.0	1007	1.7
101-150	1	0.0	237	0.4
151-200	1	0.0	313	0.5
201-500	0	0.0	0	0.0
501-1000	0	0.0	0	0.0
'1001+	0	0.0	0	0.0

Number of species in orthogroup	Number of orthogroups
1	2252
2	14190
