	Bra	Tar
Number of genes	40492	26392
Number of genes in orthogroups	35163	25055
Number of unassigned genes	5329	1337
Percentage of genes in orthogroups	86.8	94.9
Percentage of unassigned genes	13.2	5.1
Number of orthogroups containing species	16693	15377
Percentage of orthogroups containing species	97.1	89.5
Number of species-specific orthogroups	1807	491
Number of genes in species-specific orthogroups	6731	2444
Percentage of genes in species-specific orthogroups	16.6	9.3


Number of genes per-species in orthogroup	Number of orthogroups	Number of orthogroups
'0	491	1807
'1	8206	10801
'2	4730	2789
'3	2000	882
'4	756	360
'5	378	176
'6	231	100
'7	123	73
'8	67	39
'9	39	30
'10	27	23
11-15	65	58
16-20	26	22
21-50	34	22
51-100	10	2
101-150	1	0
151-200	0	0
201-500	0	0
501-1000	0	0
'1001+	0	0

Number of genes per-species in orthogroup	Percentage of orthogroups	Percentage of orthogroups
'0	2.9	10.5
'1	47.8	62.9
'2	27.5	16.2
'3	11.6	5.1
'4	4.4	2.1
'5	2.2	1.0
'6	1.3	0.6
'7	0.7	0.4
'8	0.4	0.2
'9	0.2	0.2
'10	0.2	0.1
11-15	0.4	0.3
16-20	0.2	0.1
21-50	0.2	0.1
51-100	0.1	0.0
101-150	0.0	0.0
151-200	0.0	0.0
201-500	0.0	0.0
501-1000	0.0	0.0
'1001+	0.0	0.0

Number of genes per-species in orthogroup	Number of genes	Number of genes
'0	0	0
'1	8206	10801
'2	9460	5578
'3	6000	2646
'4	3024	1440
'5	1890	880
'6	1386	600
'7	861	511
'8	536	312
'9	351	270
'10	270	230
11-15	807	718
16-20	464	383
21-50	1022	583
51-100	750	103
101-150	136	0
151-200	0	0
201-500	0	0
501-1000	0	0
'1001+	0	0

Number of genes per-species in orthogroup	Percentage of genes	Percentage of genes
'0	0.0	0.0
'1	20.3	40.9
'2	23.4	21.1
'3	14.8	10.0
'4	7.5	5.5
'5	4.7	3.3
'6	3.4	2.3
'7	2.1	1.9
'8	1.3	1.2
'9	0.9	1.0
'10	0.7	0.9
11-15	2.0	2.7
16-20	1.1	1.5
21-50	2.5	2.2
51-100	1.9	0.4
101-150	0.3	0.0
151-200	0.0	0.0
201-500	0.0	0.0
501-1000	0.0	0.0
'1001+	0.0	0.0
