Number of species	2
Number of genes	66884
Number of genes in orthogroups	60218
Number of unassigned genes	6666
Percentage of genes in orthogroups	90.0
Percentage of unassigned genes	10.0
Number of orthogroups	17184
Number of species-specific orthogroups	2298
Number of genes in species-specific orthogroups	9175
Percentage of genes in species-specific orthogroups	13.7
Mean orthogroup size	3.5
Median orthogroup size	3.0
G50 (assigned genes)	4
G50 (all genes)	3
O50 (assigned genes)	4769
O50 (all genes)	5676
Number of orthogroups with all species present	14886
Number of single-copy orthogroups	6634
Date	2023-02-16
Orthogroups file	Orthogroups.tsv
Unassigned genes file	Orthogroups_UnassignedGenes.tsv
Per-species statistics	Statistics_PerSpecies.tsv
Overall statistics	Statistics_Overall.tsv
Orthogroups shared between species	Orthogroups_SpeciesOverlaps.tsv

Average number of genes per-species in orthogroup	Number of orthogroups	Percentage of orthogroups	Number of genes	Percentage of genes
<1	0	0.0	0	0.0
'1	11806	68.7	27670	45.9
'2	3520	20.5	15196	25.2
'3	1018	5.9	6473	10.7
'4	396	2.3	3329	5.5
'5	170	1.0	1780	3.0
'6	80	0.5	1001	1.7
'7	56	0.3	809	1.3
'8	30	0.2	497	0.8
'9	18	0.1	334	0.6
'10	17	0.1	349	0.6
11-15	42	0.2	1055	1.8
16-20	10	0.1	357	0.6
21-50	20	0.1	1225	2.0
51-100	1	0.0	143	0.2
101-150	0	0.0	0	0.0
151-200	0	0.0	0	0.0
201-500	0	0.0	0	0.0
501-1000	0	0.0	0	0.0
'1001+	0	0.0	0	0.0

Number of species in orthogroup	Number of orthogroups
1	2298
2	14886
