Number of species	2
Number of genes	70585
Number of genes in orthogroups	65520
Number of unassigned genes	5065
Percentage of genes in orthogroups	92.8
Percentage of unassigned genes	7.2
Number of orthogroups	18075
Number of species-specific orthogroups	1640
Number of genes in species-specific orthogroups	7588
Percentage of genes in species-specific orthogroups	10.8
Mean orthogroup size	3.6
Median orthogroup size	3.0
G50 (assigned genes)	4
G50 (all genes)	4
O50 (assigned genes)	4913
O50 (all genes)	5546
Number of orthogroups with all species present	16435
Number of single-copy orthogroups	6804
Date	2023-02-15
Orthogroups file	Orthogroups.tsv
Unassigned genes file	Orthogroups_UnassignedGenes.tsv
Per-species statistics	Statistics_PerSpecies.tsv
Overall statistics	Statistics_Overall.tsv
Orthogroups shared between species	Orthogroups_SpeciesOverlaps.tsv

Average number of genes per-species in orthogroup	Number of orthogroups	Percentage of orthogroups	Number of genes	Percentage of genes
<1	0	0.0	0	0.0
'1	12363	68.4	29562	45.1
'2	3754	20.8	16227	24.8
'3	1137	6.3	7220	11.0
'4	377	2.1	3140	4.8
'5	146	0.8	1514	2.3
'6	94	0.5	1169	1.8
'7	31	0.2	446	0.7
'8	38	0.2	627	1.0
'9	26	0.1	484	0.7
'10	16	0.1	329	0.5
11-15	47	0.3	1182	1.8
16-20	16	0.1	583	0.9
21-50	23	0.1	1512	2.3
51-100	4	0.0	456	0.7
101-150	1	0.0	204	0.3
151-200	1	0.0	386	0.6
201-500	1	0.0	479	0.7
501-1000	0	0.0	0	0.0
'1001+	0	0.0	0	0.0

Number of species in orthogroup	Number of orthogroups
1	1640
2	16435
