	Chi	Sal
Number of genes	29458	41127
Number of genes in orthogroups	28285	37235
Number of unassigned genes	1173	3892
Percentage of genes in orthogroups	96.0	90.5
Percentage of unassigned genes	4.0	9.5
Number of orthogroups containing species	16843	17667
Percentage of orthogroups containing species	93.2	97.7
Number of species-specific orthogroups	408	1232
Number of genes in species-specific orthogroups	1933	5655
Percentage of genes in species-specific orthogroups	6.6	13.8


Number of genes per-species in orthogroup	Number of orthogroups	Number of orthogroups
'0	1232	408
'1	11924	8153
'2	3034	5531
'3	923	2402
'4	360	793
'5	179	352
'6	107	159
'7	72	97
'8	51	40
'9	35	17
'10	18	17
11-15	62	45
16-20	31	20
21-50	37	28
51-100	9	7
101-150	1	3
151-200	0	0
201-500	0	3
501-1000	0	0
'1001+	0	0

Number of genes per-species in orthogroup	Percentage of orthogroups	Percentage of orthogroups
'0	6.8	2.3
'1	66.0	45.1
'2	16.8	30.6
'3	5.1	13.3
'4	2.0	4.4
'5	1.0	1.9
'6	0.6	0.9
'7	0.4	0.5
'8	0.3	0.2
'9	0.2	0.1
'10	0.1	0.1
11-15	0.3	0.2
16-20	0.2	0.1
21-50	0.2	0.2
51-100	0.0	0.0
101-150	0.0	0.0
151-200	0.0	0.0
201-500	0.0	0.0
501-1000	0.0	0.0
'1001+	0.0	0.0

Number of genes per-species in orthogroup	Number of genes	Number of genes
'0	0	0
'1	11924	8153
'2	6068	11062
'3	2769	7206
'4	1440	3172
'5	895	1760
'6	642	954
'7	504	679
'8	408	320
'9	315	153
'10	180	170
11-15	769	564
16-20	545	348
21-50	1026	834
51-100	667	485
101-150	133	315
151-200	0	0
201-500	0	1060
501-1000	0	0
'1001+	0	0

Number of genes per-species in orthogroup	Percentage of genes	Percentage of genes
'0	0.0	0.0
'1	40.5	19.8
'2	20.6	26.9
'3	9.4	17.5
'4	4.9	7.7
'5	3.0	4.3
'6	2.2	2.3
'7	1.7	1.7
'8	1.4	0.8
'9	1.1	0.4
'10	0.6	0.4
11-15	2.6	1.4
16-20	1.9	0.8
21-50	3.5	2.0
51-100	2.3	1.2
101-150	0.5	0.8
151-200	0.0	0.0
201-500	0.0	2.6
501-1000	0.0	0.0
'1001+	0.0	0.0
