	Aar	Cru
Number of genes	23160	27682
Number of genes in orthogroups	22089	26265
Number of unassigned genes	1071	1417
Percentage of genes in orthogroups	95.4	94.9
Percentage of unassigned genes	4.6	5.1
Number of orthogroups containing species	14754	15071
Percentage of orthogroups containing species	95.7	97.8
Number of species-specific orthogroups	341	658
Number of genes in species-specific orthogroups	2273	4074
Percentage of genes in species-specific orthogroups	9.8	14.7


Number of genes per-species in orthogroup	Number of orthogroups	Number of orthogroups
'0	658	341
'1	10910	9933
'2	2747	3400
'3	578	885
'4	201	311
'5	96	165
'6	58	81
'7	35	52
'8	25	37
'9	22	42
'10	10	22
11-15	35	65
16-20	18	30
21-50	16	42
51-100	1	4
101-150	1	2
151-200	1	0
201-500	0	0
501-1000	0	0
'1001+	0	0

Number of genes per-species in orthogroup	Percentage of orthogroups	Percentage of orthogroups
'0	4.3	2.2
'1	70.8	64.4
'2	17.8	22.1
'3	3.8	5.7
'4	1.3	2.0
'5	0.6	1.1
'6	0.4	0.5
'7	0.2	0.3
'8	0.2	0.2
'9	0.1	0.3
'10	0.1	0.1
11-15	0.2	0.4
16-20	0.1	0.2
21-50	0.1	0.3
51-100	0.0	0.0
101-150	0.0	0.0
151-200	0.0	0.0
201-500	0.0	0.0
501-1000	0.0	0.0
'1001+	0.0	0.0

Number of genes per-species in orthogroup	Number of genes	Number of genes
'0	0	0
'1	10910	9933
'2	5494	6800
'3	1734	2655
'4	804	1244
'5	480	825
'6	348	486
'7	245	364
'8	200	296
'9	198	378
'10	100	220
11-15	441	809
16-20	321	526
21-50	470	1259
51-100	65	258
101-150	110	212
151-200	169	0
201-500	0	0
501-1000	0	0
'1001+	0	0

Number of genes per-species in orthogroup	Percentage of genes	Percentage of genes
'0	0.0	0.0
'1	47.1	35.9
'2	23.7	24.6
'3	7.5	9.6
'4	3.5	4.5
'5	2.1	3.0
'6	1.5	1.8
'7	1.1	1.3
'8	0.9	1.1
'9	0.9	1.4
'10	0.4	0.8
11-15	1.9	2.9
16-20	1.4	1.9
21-50	2.0	4.5
51-100	0.3	0.9
101-150	0.5	0.8
151-200	0.7	0.0
201-500	0.0	0.0
501-1000	0.0	0.0
'1001+	0.0	0.0
