Number of species	2
Number of genes	50842
Number of genes in orthogroups	48354
Number of unassigned genes	2488
Percentage of genes in orthogroups	95.1
Percentage of unassigned genes	4.9
Number of orthogroups	15412
Number of species-specific orthogroups	999
Number of genes in species-specific orthogroups	6347
Percentage of genes in species-specific orthogroups	12.5
Mean orthogroup size	3.1
Median orthogroup size	2.0
G50 (assigned genes)	3
G50 (all genes)	3
O50 (assigned genes)	4309
O50 (all genes)	4724
Number of orthogroups with all species present	14413
Number of single-copy orthogroups	8789
Date	2023-02-15
Orthogroups file	Orthogroups.tsv
Unassigned genes file	Orthogroups_UnassignedGenes.tsv
Per-species statistics	Statistics_PerSpecies.tsv
Overall statistics	Statistics_Overall.tsv
Orthogroups shared between species	Orthogroups_SpeciesOverlaps.tsv

Average number of genes per-species in orthogroup	Number of orthogroups	Percentage of orthogroups	Number of genes	Percentage of genes
<1	0	0.0	0	0.0
'1	11722	76.1	26033	53.8
'2	2611	16.9	11102	23.0
'3	544	3.5	3470	7.2
'4	211	1.4	1777	3.7
'5	97	0.6	1008	2.1
'6	69	0.4	865	1.8
'7	29	0.2	419	0.9
'8	30	0.2	490	1.0
'9	19	0.1	353	0.7
'10	13	0.1	266	0.6
11-15	38	0.2	985	2.0
16-20	16	0.1	584	1.2
21-50	10	0.1	611	1.3
51-100	3	0.0	391	0.8
101-150	0	0.0	0	0.0
151-200	0	0.0	0	0.0
201-500	0	0.0	0	0.0
501-1000	0	0.0	0	0.0
'1001+	0	0.0	0	0.0

Number of species in orthogroup	Number of orthogroups
1	999
2	14413
