Number of species	2
Number of genes	54046
Number of genes in orthogroups	50606
Number of unassigned genes	3440
Percentage of genes in orthogroups	93.6
Percentage of unassigned genes	6.4
Number of orthogroups	16046
Number of species-specific orthogroups	1146
Number of genes in species-specific orthogroups	5344
Percentage of genes in species-specific orthogroups	9.9
Mean orthogroup size	3.2
Median orthogroup size	2.0
G50 (assigned genes)	3
G50 (all genes)	3
O50 (assigned genes)	4495
O50 (all genes)	5069
Number of orthogroups with all species present	14900
Number of single-copy orthogroups	8885
Date	2023-01-18
Orthogroups file	Orthogroups.tsv
Unassigned genes file	Orthogroups_UnassignedGenes.tsv
Per-species statistics	Statistics_PerSpecies.tsv
Overall statistics	Statistics_Overall.tsv
Orthogroups shared between species	Orthogroups_SpeciesOverlaps.tsv

Average number of genes per-species in orthogroup	Number of orthogroups	Percentage of orthogroups	Number of genes	Percentage of genes
<1	0	0.0	0	0.0
'1	12095	75.4	26935	53.2
'2	2673	16.7	11500	22.7
'3	670	4.2	4247	8.4
'4	250	1.6	2089	4.1
'5	130	0.8	1365	2.7
'6	83	0.5	1030	2.0
'7	40	0.2	573	1.1
'8	26	0.2	427	0.8
'9	23	0.1	423	0.8
'10	10	0.1	207	0.4
11-15	24	0.1	605	1.2
16-20	8	0.0	270	0.5
21-50	12	0.1	667	1.3
51-100	2	0.0	268	0.5
101-150	0	0.0	0	0.0
151-200	0	0.0	0	0.0
201-500	0	0.0	0	0.0
501-1000	0	0.0	0	0.0
'1001+	0	0.0	0	0.0

Number of species in orthogroup	Number of orthogroups
1	1146
2	14900
