	Ath	Tar
Number of genes	27654	26392
Number of genes in orthogroups	25482	25124
Number of unassigned genes	2172	1268
Percentage of genes in orthogroups	92.1	95.2
Percentage of unassigned genes	7.9	4.8
Number of orthogroups containing species	15562	15384
Percentage of orthogroups containing species	97.0	95.9
Number of species-specific orthogroups	662	484
Number of genes in species-specific orthogroups	2700	2644
Percentage of genes in species-specific orthogroups	9.8	10.0


Number of genes per-species in orthogroup	Number of orthogroups	Number of orthogroups
'0	484	662
'1	10597	10831
'2	3238	2785
'3	887	879
'4	343	353
'5	172	177
'6	98	99
'7	56	65
'8	39	26
'9	33	25
'10	23	26
11-15	45	68
16-20	9	27
21-50	17	20
51-100	3	3
101-150	2	0
151-200	0	0
201-500	0	0
501-1000	0	0
'1001+	0	0

Number of genes per-species in orthogroup	Percentage of orthogroups	Percentage of orthogroups
'0	3.0	4.1
'1	66.0	67.5
'2	20.2	17.4
'3	5.5	5.5
'4	2.1	2.2
'5	1.1	1.1
'6	0.6	0.6
'7	0.3	0.4
'8	0.2	0.2
'9	0.2	0.2
'10	0.1	0.2
11-15	0.3	0.4
16-20	0.1	0.2
21-50	0.1	0.1
51-100	0.0	0.0
101-150	0.0	0.0
151-200	0.0	0.0
201-500	0.0	0.0
501-1000	0.0	0.0
'1001+	0.0	0.0

Number of genes per-species in orthogroup	Number of genes	Number of genes
'0	0	0
'1	10597	10831
'2	6476	5570
'3	2661	2637
'4	1372	1412
'5	860	885
'6	588	594
'7	392	455
'8	312	208
'9	297	225
'10	230	260
11-15	552	851
16-20	156	477
21-50	541	559
51-100	204	160
101-150	244	0
151-200	0	0
201-500	0	0
501-1000	0	0
'1001+	0	0

Number of genes per-species in orthogroup	Percentage of genes	Percentage of genes
'0	0.0	0.0
'1	38.3	41.0
'2	23.4	21.1
'3	9.6	10.0
'4	5.0	5.4
'5	3.1	3.4
'6	2.1	2.3
'7	1.4	1.7
'8	1.1	0.8
'9	1.1	0.9
'10	0.8	1.0
11-15	2.0	3.2
16-20	0.6	1.8
21-50	2.0	2.1
51-100	0.7	0.6
101-150	0.9	0.0
151-200	0.0	0.0
201-500	0.0	0.0
501-1000	0.0	0.0
'1001+	0.0	0.0
