	Aar	Csa
Number of genes	23160	85151
Number of genes in orthogroups	21819	76330
Number of unassigned genes	1341	8821
Percentage of genes in orthogroups	94.2	89.6
Percentage of unassigned genes	5.8	10.4
Number of orthogroups containing species	14943	20014
Percentage of orthogroups containing species	73.2	98.0
Number of species-specific orthogroups	412	5483
Number of genes in species-specific orthogroups	2236	27077
Percentage of genes in species-specific orthogroups	9.7	31.8


Number of genes per-species in orthogroup	Number of orthogroups	Number of orthogroups
'0	5483	412
'1	11594	2282
'2	2313	2705
'3	504	9464
'4	203	2002
'5	99	997
'6	54	1003
'7	35	430
'8	28	243
'9	20	184
'10	18	127
11-15	38	300
16-20	17	102
21-50	17	134
51-100	1	33
101-150	1	3
151-200	1	2
201-500	0	3
501-1000	0	0
'1001+	0	0

Number of genes per-species in orthogroup	Percentage of orthogroups	Percentage of orthogroups
'0	26.8	2.0
'1	56.8	11.2
'2	11.3	13.2
'3	2.5	46.3
'4	1.0	9.8
'5	0.5	4.9
'6	0.3	4.9
'7	0.2	2.1
'8	0.1	1.2
'9	0.1	0.9
'10	0.1	0.6
11-15	0.2	1.5
16-20	0.1	0.5
21-50	0.1	0.7
51-100	0.0	0.2
101-150	0.0	0.0
151-200	0.0	0.0
201-500	0.0	0.0
501-1000	0.0	0.0
'1001+	0.0	0.0

Number of genes per-species in orthogroup	Number of genes	Number of genes
'0	0	0
'1	11594	2282
'2	4626	5410
'3	1512	28392
'4	812	8008
'5	495	4985
'6	324	6018
'7	245	3010
'8	224	1944
'9	180	1656
'10	180	1270
11-15	490	3762
16-20	305	1801
21-50	489	3978
51-100	66	2281
101-150	111	349
151-200	166	347
201-500	0	837
501-1000	0	0
'1001+	0	0

Number of genes per-species in orthogroup	Percentage of genes	Percentage of genes
'0	0.0	0.0
'1	50.1	2.7
'2	20.0	6.4
'3	6.5	33.3
'4	3.5	9.4
'5	2.1	5.9
'6	1.4	7.1
'7	1.1	3.5
'8	1.0	2.3
'9	0.8	1.9
'10	0.8	1.5
11-15	2.1	4.4
16-20	1.3	2.1
21-50	2.1	4.7
51-100	0.3	2.7
101-150	0.5	0.4
151-200	0.7	0.4
201-500	0.0	1.0
501-1000	0.0	0.0
'1001+	0.0	0.0
