Number of species	2
Number of genes	108311
Number of genes in orthogroups	98149
Number of unassigned genes	10162
Percentage of genes in orthogroups	90.6
Percentage of unassigned genes	9.4
Number of orthogroups	20426
Number of species-specific orthogroups	5895
Number of genes in species-specific orthogroups	29313
Percentage of genes in species-specific orthogroups	27.1
Mean orthogroup size	4.8
Median orthogroup size	4.0
G50 (assigned genes)	5
G50 (all genes)	4
O50 (assigned genes)	5763
O50 (all genes)	6894
Number of orthogroups with all species present	14531
Number of single-copy orthogroups	1834
Date	2023-02-19
Orthogroups file	Orthogroups.tsv
Unassigned genes file	Orthogroups_UnassignedGenes.tsv
Per-species statistics	Statistics_PerSpecies.tsv
Overall statistics	Statistics_Overall.tsv
Orthogroups shared between species	Orthogroups_SpeciesOverlaps.tsv

Average number of genes per-species in orthogroup	Number of orthogroups	Percentage of orthogroups	Number of genes	Percentage of genes
<1	0	0.0	0	0.0
'1	6992	34.2	17831	18.2
'2	9529	46.7	40531	41.3
'3	2017	9.9	13005	13.3
'4	858	4.2	7183	7.3
'5	345	1.7	3575	3.6
'6	216	1.1	2693	2.7
'7	106	0.5	1533	1.6
'8	70	0.3	1146	1.2
'9	55	0.3	1012	1.0
'10	45	0.2	924	0.9
11-15	89	0.4	2238	2.3
16-20	41	0.2	1456	1.5
21-50	53	0.3	3204	3.3
51-100	7	0.0	975	1.0
101-150	2	0.0	466	0.5
151-200	1	0.0	377	0.4
201-500	0	0.0	0	0.0
501-1000	0	0.0	0	0.0
'1001+	0	0.0	0	0.0

Number of species in orthogroup	Number of orthogroups
1	5895
2	14531
