	Aar	Tar
Number of genes	23160	26392
Number of genes in orthogroups	21393	24649
Number of unassigned genes	1767	1743
Percentage of genes in orthogroups	92.4	93.4
Percentage of unassigned genes	7.6	6.6
Number of orthogroups containing species	13218	13422
Percentage of orthogroups containing species	95.1	96.6
Number of species-specific orthogroups	475	679
Number of genes in species-specific orthogroups	2332	3813
Percentage of genes in species-specific orthogroups	10.1	14.4


Number of genes per-species in orthogroup	Number of orthogroups	Number of orthogroups
'0	679	475
'1	9221	8503
'2	2682	2937
'3	686	941
'4	254	404
'5	121	204
'6	63	112
'7	40	68
'8	35	44
'9	15	33
'10	17	30
11-15	43	71
16-20	20	35
21-50	17	36
51-100	1	4
101-150	2	0
151-200	1	0
201-500	0	0
501-1000	0	0
'1001+	0	0

Number of genes per-species in orthogroup	Percentage of orthogroups	Percentage of orthogroups
'0	4.9	3.4
'1	66.4	61.2
'2	19.3	21.1
'3	4.9	6.8
'4	1.8	2.9
'5	0.9	1.5
'6	0.5	0.8
'7	0.3	0.5
'8	0.3	0.3
'9	0.1	0.2
'10	0.1	0.2
11-15	0.3	0.5
16-20	0.1	0.3
21-50	0.1	0.3
51-100	0.0	0.0
101-150	0.0	0.0
151-200	0.0	0.0
201-500	0.0	0.0
501-1000	0.0	0.0
'1001+	0.0	0.0

Number of genes per-species in orthogroup	Number of genes	Number of genes
'0	0	0
'1	9221	8503
'2	5364	5874
'3	2058	2823
'4	1016	1616
'5	605	1020
'6	378	672
'7	280	476
'8	280	352
'9	135	297
'10	170	300
11-15	529	895
16-20	364	615
21-50	506	992
51-100	66	214
101-150	253	0
151-200	168	0
201-500	0	0
501-1000	0	0
'1001+	0	0

Number of genes per-species in orthogroup	Percentage of genes	Percentage of genes
'0	0.0	0.0
'1	39.8	32.2
'2	23.2	22.3
'3	8.9	10.7
'4	4.4	6.1
'5	2.6	3.9
'6	1.6	2.5
'7	1.2	1.8
'8	1.2	1.3
'9	0.6	1.1
'10	0.7	1.1
11-15	2.3	3.4
16-20	1.6	2.3
21-50	2.2	3.8
51-100	0.3	0.8
101-150	1.1	0.0
151-200	0.7	0.0
201-500	0.0	0.0
501-1000	0.0	0.0
'1001+	0.0	0.0
