Number of species	2
Number of genes	49552
Number of genes in orthogroups	46042
Number of unassigned genes	3510
Percentage of genes in orthogroups	92.9
Percentage of unassigned genes	7.1
Number of orthogroups	13897
Number of species-specific orthogroups	1154
Number of genes in species-specific orthogroups	6145
Percentage of genes in species-specific orthogroups	12.4
Mean orthogroup size	3.3
Median orthogroup size	2.0
G50 (assigned genes)	3
G50 (all genes)	3
O50 (assigned genes)	3727
O50 (all genes)	4312
Number of orthogroups with all species present	12743
Number of single-copy orthogroups	6988
Date	2023-02-17
Orthogroups file	Orthogroups.tsv
Unassigned genes file	Orthogroups_UnassignedGenes.tsv
Per-species statistics	Statistics_PerSpecies.tsv
Overall statistics	Statistics_Overall.tsv
Orthogroups shared between species	Orthogroups_SpeciesOverlaps.tsv

Average number of genes per-species in orthogroup	Number of orthogroups	Percentage of orthogroups	Number of genes	Percentage of genes
<1	0	0.0	0	0.0
'1	10180	73.3	23051	50.1
'2	2487	17.9	10723	23.3
'3	636	4.6	4039	8.8
'4	219	1.6	1831	4.0
'5	121	0.9	1265	2.7
'6	86	0.6	1077	2.3
'7	39	0.3	561	1.2
'8	29	0.2	479	1.0
'9	22	0.2	407	0.9
'10	17	0.1	347	0.8
11-15	38	0.3	979	2.1
16-20	12	0.1	410	0.9
21-50	8	0.1	424	0.9
51-100	3	0.0	449	1.0
101-150	0	0.0	0	0.0
151-200	0	0.0	0	0.0
201-500	0	0.0	0	0.0
501-1000	0	0.0	0	0.0
'1001+	0	0.0	0	0.0

Number of species in orthogroup	Number of orthogroups
1	1154
2	12743
