Number of species	2
Number of genes	57112
Number of genes in orthogroups	54574
Number of unassigned genes	2538
Percentage of genes in orthogroups	95.6
Percentage of unassigned genes	4.4
Number of orthogroups	18651
Number of species-specific orthogroups	697
Number of genes in species-specific orthogroups	3779
Percentage of genes in species-specific orthogroups	6.6
Mean orthogroup size	2.9
Median orthogroup size	2.0
G50 (assigned genes)	3
G50 (all genes)	3
O50 (assigned genes)	5347
O50 (all genes)	5770
Number of orthogroups with all species present	17954
Number of single-copy orthogroups	12389
Date	2023-01-18
Orthogroups file	Orthogroups.tsv
Unassigned genes file	Orthogroups_UnassignedGenes.tsv
Per-species statistics	Statistics_PerSpecies.tsv
Overall statistics	Statistics_Overall.tsv
Orthogroups shared between species	Orthogroups_SpeciesOverlaps.tsv

Average number of genes per-species in orthogroup	Number of orthogroups	Percentage of orthogroups	Number of genes	Percentage of genes
<1	0	0.0	0	0.0
'1	14653	78.6	31333	57.4
'2	2746	14.7	11629	21.3
'3	686	3.7	4377	8.0
'4	218	1.2	1834	3.4
'5	121	0.6	1261	2.3
'6	75	0.4	926	1.7
'7	46	0.2	666	1.2
'8	21	0.1	346	0.6
'9	22	0.1	406	0.7
'10	18	0.1	368	0.7
11-15	30	0.2	752	1.4
16-20	9	0.0	323	0.6
21-50	6	0.0	353	0.6
51-100	0	0.0	0	0.0
101-150	0	0.0	0	0.0
151-200	0	0.0	0	0.0
201-500	0	0.0	0	0.0
501-1000	0	0.0	0	0.0
'1001+	0	0.0	0	0.0

Number of species in orthogroup	Number of orthogroups
1	697
2	17954
