	Ath	Chi
Number of genes	27654	29458
Number of genes in orthogroups	26093	28481
Number of unassigned genes	1561	977
Percentage of genes in orthogroups	94.4	96.7
Percentage of unassigned genes	5.6	3.3
Number of orthogroups containing species	18301	18304
Percentage of orthogroups containing species	98.1	98.1
Number of species-specific orthogroups	347	350
Number of genes in species-specific orthogroups	1656	2123
Percentage of genes in species-specific orthogroups	6.0	7.2


Number of genes per-species in orthogroup	Number of orthogroups	Number of orthogroups
'0	350	347
'1	13801	13529
'2	3169	3072
'3	703	814
'4	268	331
'5	124	179
'6	79	110
'7	36	56
'8	30	51
'9	30	20
'10	5	24
11-15	35	64
16-20	13	23
21-50	8	27
51-100	0	4
101-150	0	0
151-200	0	0
201-500	0	0
501-1000	0	0
'1001+	0	0

Number of genes per-species in orthogroup	Percentage of orthogroups	Percentage of orthogroups
'0	1.9	1.9
'1	74.0	72.5
'2	17.0	16.5
'3	3.8	4.4
'4	1.4	1.8
'5	0.7	1.0
'6	0.4	0.6
'7	0.2	0.3
'8	0.2	0.3
'9	0.2	0.1
'10	0.0	0.1
11-15	0.2	0.3
16-20	0.1	0.1
21-50	0.0	0.1
51-100	0.0	0.0
101-150	0.0	0.0
151-200	0.0	0.0
201-500	0.0	0.0
501-1000	0.0	0.0
'1001+	0.0	0.0

Number of genes per-species in orthogroup	Number of genes	Number of genes
'0	0	0
'1	13801	13529
'2	6338	6144
'3	2109	2442
'4	1072	1324
'5	620	895
'6	474	660
'7	252	392
'8	240	408
'9	270	180
'10	50	240
11-15	422	825
16-20	234	418
21-50	211	764
51-100	0	260
101-150	0	0
151-200	0	0
201-500	0	0
501-1000	0	0
'1001+	0	0

Number of genes per-species in orthogroup	Percentage of genes	Percentage of genes
'0	0.0	0.0
'1	49.9	45.9
'2	22.9	20.9
'3	7.6	8.3
'4	3.9	4.5
'5	2.2	3.0
'6	1.7	2.2
'7	0.9	1.3
'8	0.9	1.4
'9	1.0	0.6
'10	0.2	0.8
11-15	1.5	2.8
16-20	0.8	1.4
21-50	0.8	2.6
51-100	0.0	0.9
101-150	0.0	0.0
151-200	0.0	0.0
201-500	0.0	0.0
501-1000	0.0	0.0
'1001+	0.0	0.0
