Number of species	2
Number of genes	125643
Number of genes in orthogroups	115621
Number of unassigned genes	10022
Percentage of genes in orthogroups	92.0
Percentage of unassigned genes	8.0
Number of orthogroups	24469
Number of species-specific orthogroups	6163
Number of genes in species-specific orthogroups	25850
Percentage of genes in species-specific orthogroups	20.6
Mean orthogroup size	4.7
Median orthogroup size	4.0
G50 (assigned genes)	5
G50 (all genes)	5
O50 (assigned genes)	8152
O50 (all genes)	9154
Number of orthogroups with all species present	18306
Number of single-copy orthogroups	1026
Date	2023-02-18
Orthogroups file	Orthogroups.tsv
Unassigned genes file	Orthogroups_UnassignedGenes.tsv
Per-species statistics	Statistics_PerSpecies.tsv
Overall statistics	Statistics_Overall.tsv
Orthogroups shared between species	Orthogroups_SpeciesOverlaps.tsv

Average number of genes per-species in orthogroup	Number of orthogroups	Percentage of orthogroups	Number of genes	Percentage of genes
<1	0	0.0	0	0.0
'1	6767	27.7	17659	15.3
'2	12670	51.8	55750	48.2
'3	3212	13.1	20282	17.5
'4	946	3.9	7938	6.9
'5	348	1.4	3627	3.1
'6	168	0.7	2092	1.8
'7	102	0.4	1475	1.3
'8	54	0.2	885	0.8
'9	43	0.2	794	0.7
'10	34	0.1	695	0.6
11-15	69	0.3	1725	1.5
16-20	27	0.1	958	0.8
21-50	28	0.1	1639	1.4
51-100	1	0.0	102	0.1
101-150	0	0.0	0	0.0
151-200	0	0.0	0	0.0
201-500	0	0.0	0	0.0
501-1000	0	0.0	0	0.0
'1001+	0	0.0	0	0.0

Number of species in orthogroup	Number of orthogroups
1	6163
2	18306
