	Bra	Csa
Number of genes	40492	85151
Number of genes in orthogroups	36549	79072
Number of unassigned genes	3943	6079
Percentage of genes in orthogroups	90.3	92.9
Percentage of unassigned genes	9.7	7.1
Number of orthogroups containing species	19726	23049
Percentage of orthogroups containing species	80.6	94.2
Number of species-specific orthogroups	1420	4743
Number of genes in species-specific orthogroups	5542	20308
Percentage of genes in species-specific orthogroups	13.7	23.8


Number of genes per-species in orthogroup	Number of orthogroups	Number of orthogroups
'0	4743	1420
'1	10472	1898
'2	5820	3280
'3	2183	12492
'4	569	2354
'5	284	1051
'6	139	751
'7	68	357
'8	39	227
'9	31	145
'10	19	99
11-15	51	225
16-20	25	72
21-50	21	87
51-100	5	10
101-150	0	1
151-200	0	0
201-500	0	0
501-1000	0	0
'1001+	0	0

Number of genes per-species in orthogroup	Percentage of orthogroups	Percentage of orthogroups
'0	19.4	5.8
'1	42.8	7.8
'2	23.8	13.4
'3	8.9	51.1
'4	2.3	9.6
'5	1.2	4.3
'6	0.6	3.1
'7	0.3	1.5
'8	0.2	0.9
'9	0.1	0.6
'10	0.1	0.4
11-15	0.2	0.9
16-20	0.1	0.3
21-50	0.1	0.4
51-100	0.0	0.0
101-150	0.0	0.0
151-200	0.0	0.0
201-500	0.0	0.0
501-1000	0.0	0.0
'1001+	0.0	0.0

Number of genes per-species in orthogroup	Number of genes	Number of genes
'0	0	0
'1	10472	1898
'2	11640	6560
'3	6549	37476
'4	2276	9416
'5	1420	5255
'6	834	4506
'7	476	2499
'8	312	1816
'9	279	1305
'10	190	990
11-15	634	2840
16-20	447	1272
21-50	665	2467
51-100	355	670
101-150	0	102
151-200	0	0
201-500	0	0
501-1000	0	0
'1001+	0	0

Number of genes per-species in orthogroup	Percentage of genes	Percentage of genes
'0	0.0	0.0
'1	25.9	2.2
'2	28.7	7.7
'3	16.2	44.0
'4	5.6	11.1
'5	3.5	6.2
'6	2.1	5.3
'7	1.2	2.9
'8	0.8	2.1
'9	0.7	1.5
'10	0.5	1.2
11-15	1.6	3.3
16-20	1.1	1.5
21-50	1.6	2.9
51-100	0.9	0.8
101-150	0.0	0.1
151-200	0.0	0.0
201-500	0.0	0.0
501-1000	0.0	0.0
'1001+	0.0	0.0
