Number of species	2
Number of genes	55336
Number of genes in orthogroups	53156
Number of unassigned genes	2180
Percentage of genes in orthogroups	96.1
Percentage of unassigned genes	3.9
Number of orthogroups	19430
Number of species-specific orthogroups	638
Number of genes in species-specific orthogroups	3011
Percentage of genes in species-specific orthogroups	5.4
Mean orthogroup size	2.7
Median orthogroup size	2.0
G50 (assigned genes)	2
G50 (all genes)	2
O50 (assigned genes)	6141
O50 (all genes)	6686
Number of orthogroups with all species present	18792
Number of single-copy orthogroups	13899
Date	2023-01-18
Orthogroups file	Orthogroups.tsv
Unassigned genes file	Orthogroups_UnassignedGenes.tsv
Per-species statistics	Statistics_PerSpecies.tsv
Overall statistics	Statistics_Overall.tsv
Orthogroups shared between species	Orthogroups_SpeciesOverlaps.tsv

Average number of genes per-species in orthogroup	Number of orthogroups	Percentage of orthogroups	Number of genes	Percentage of genes
<1	0	0.0	0	0.0
'1	15819	81.4	33348	62.7
'2	2587	13.3	10872	20.5
'3	562	2.9	3577	6.7
'4	194	1.0	1627	3.1
'5	114	0.6	1184	2.2
'6	56	0.3	692	1.3
'7	32	0.2	461	0.9
'8	27	0.1	446	0.8
'9	9	0.0	168	0.3
'10	8	0.0	162	0.3
11-15	17	0.1	423	0.8
16-20	4	0.0	153	0.3
21-50	1	0.0	43	0.1
51-100	0	0.0	0	0.0
101-150	0	0.0	0	0.0
151-200	0	0.0	0	0.0
201-500	0	0.0	0	0.0
501-1000	0	0.0	0	0.0
'1001+	0	0.0	0	0.0

Number of species in orthogroup	Number of orthogroups
1	638
2	18792
