	Ath	Cru
Number of genes	27654	27682
Number of genes in orthogroups	26294	26862
Number of unassigned genes	1360	820
Percentage of genes in orthogroups	95.1	97.0
Percentage of unassigned genes	4.9	3.0
Number of orthogroups containing species	19113	19109
Percentage of orthogroups containing species	98.4	98.3
Number of species-specific orthogroups	321	317
Number of genes in species-specific orthogroups	1428	1583
Percentage of genes in species-specific orthogroups	5.2	5.7


Number of genes per-species in orthogroup	Number of orthogroups	Number of orthogroups
'0	317	321
'1	14924	14983
'2	2941	2788
'3	670	655
'4	243	265
'5	131	144
'6	71	83
'7	33	38
'8	28	37
'9	15	31
'10	12	14
11-15	30	48
16-20	6	15
21-50	9	8
51-100	0	0
101-150	0	0
151-200	0	0
201-500	0	0
501-1000	0	0
'1001+	0	0

Number of genes per-species in orthogroup	Percentage of orthogroups	Percentage of orthogroups
'0	1.6	1.7
'1	76.8	77.1
'2	15.1	14.3
'3	3.4	3.4
'4	1.3	1.4
'5	0.7	0.7
'6	0.4	0.4
'7	0.2	0.2
'8	0.1	0.2
'9	0.1	0.2
'10	0.1	0.1
11-15	0.2	0.2
16-20	0.0	0.1
21-50	0.0	0.0
51-100	0.0	0.0
101-150	0.0	0.0
151-200	0.0	0.0
201-500	0.0	0.0
501-1000	0.0	0.0
'1001+	0.0	0.0

Number of genes per-species in orthogroup	Number of genes	Number of genes
'0	0	0
'1	14924	14983
'2	5882	5576
'3	2010	1965
'4	972	1060
'5	655	720
'6	426	498
'7	231	266
'8	224	296
'9	135	279
'10	120	140
11-15	370	594
16-20	108	266
21-50	237	219
51-100	0	0
101-150	0	0
151-200	0	0
201-500	0	0
501-1000	0	0
'1001+	0	0

Number of genes per-species in orthogroup	Percentage of genes	Percentage of genes
'0	0.0	0.0
'1	54.0	54.1
'2	21.3	20.1
'3	7.3	7.1
'4	3.5	3.8
'5	2.4	2.6
'6	1.5	1.8
'7	0.8	1.0
'8	0.8	1.1
'9	0.5	1.0
'10	0.4	0.5
11-15	1.3	2.1
16-20	0.4	1.0
21-50	0.9	0.8
51-100	0.0	0.0
101-150	0.0	0.0
151-200	0.0	0.0
201-500	0.0	0.0
501-1000	0.0	0.0
'1001+	0.0	0.0
