Number of species	2
Number of genes	69950
Number of genes in orthogroups	65939
Number of unassigned genes	4011
Percentage of genes in orthogroups	94.3
Percentage of unassigned genes	5.7
Number of orthogroups	18866
Number of species-specific orthogroups	1547
Number of genes in species-specific orthogroups	6936
Percentage of genes in species-specific orthogroups	9.9
Mean orthogroup size	3.5
Median orthogroup size	3.0
G50 (assigned genes)	4
G50 (all genes)	3
O50 (assigned genes)	5475
O50 (all genes)	5980
Number of orthogroups with all species present	17319
Number of single-copy orthogroups	7054
Date	2023-02-15
Orthogroups file	Orthogroups.tsv
Unassigned genes file	Orthogroups_UnassignedGenes.tsv
Per-species statistics	Statistics_PerSpecies.tsv
Overall statistics	Statistics_Overall.tsv
Orthogroups shared between species	Orthogroups_SpeciesOverlaps.tsv

Average number of genes per-species in orthogroup	Number of orthogroups	Percentage of orthogroups	Number of genes	Percentage of genes
<1	0	0.0	0	0.0
'1	12899	68.4	31001	47.0
'2	3982	21.1	17213	26.1
'3	1143	6.1	7270	11.0
'4	418	2.2	3510	5.3
'5	166	0.9	1722	2.6
'6	89	0.5	1106	1.7
'7	56	0.3	812	1.2
'8	22	0.1	364	0.6
'9	16	0.1	296	0.4
'10	15	0.1	305	0.5
11-15	32	0.2	843	1.3
16-20	10	0.1	357	0.5
21-50	17	0.1	1019	1.5
51-100	1	0.0	121	0.2
101-150	0	0.0	0	0.0
151-200	0	0.0	0	0.0
201-500	0	0.0	0	0.0
501-1000	0	0.0	0	0.0
'1001+	0	0.0	0	0.0

Number of species in orthogroup	Number of orthogroups
1	1547
2	17319
