	Bra	Chi
Number of genes	40492	29458
Number of genes in orthogroups	37530	28409
Number of unassigned genes	2962	1049
Percentage of genes in orthogroups	92.7	96.4
Percentage of unassigned genes	7.3	3.6
Number of orthogroups containing species	18455	17730
Percentage of orthogroups containing species	97.8	94.0
Number of species-specific orthogroups	1136	411
Number of genes in species-specific orthogroups	4685	2251
Percentage of genes in species-specific orthogroups	11.6	7.6


Number of genes per-species in orthogroup	Number of orthogroups	Number of orthogroups
'0	411	1136
'1	8262	12906
'2	5918	3047
'3	2595	860
'4	816	347
'5	379	165
'6	199	101
'7	103	60
'8	52	49
'9	33	43
'10	21	30
11-15	44	61
16-20	11	28
21-50	17	28
51-100	4	5
101-150	1	0
151-200	0	0
201-500	0	0
501-1000	0	0
'1001+	0	0

Number of genes per-species in orthogroup	Percentage of orthogroups	Percentage of orthogroups
'0	2.2	6.0
'1	43.8	68.4
'2	31.4	16.2
'3	13.8	4.6
'4	4.3	1.8
'5	2.0	0.9
'6	1.1	0.5
'7	0.5	0.3
'8	0.3	0.3
'9	0.2	0.2
'10	0.1	0.2
11-15	0.2	0.3
16-20	0.1	0.1
21-50	0.1	0.1
51-100	0.0	0.0
101-150	0.0	0.0
151-200	0.0	0.0
201-500	0.0	0.0
501-1000	0.0	0.0
'1001+	0.0	0.0

Number of genes per-species in orthogroup	Number of genes	Number of genes
'0	0	0
'1	8262	12906
'2	11836	6094
'3	7785	2580
'4	3264	1388
'5	1895	825
'6	1194	606
'7	721	420
'8	416	392
'9	297	387
'10	210	300
11-15	543	783
16-20	192	508
21-50	496	895
51-100	299	325
101-150	120	0
151-200	0	0
201-500	0	0
501-1000	0	0
'1001+	0	0

Number of genes per-species in orthogroup	Percentage of genes	Percentage of genes
'0	0.0	0.0
'1	20.4	43.8
'2	29.2	20.7
'3	19.2	8.8
'4	8.1	4.7
'5	4.7	2.8
'6	2.9	2.1
'7	1.8	1.4
'8	1.0	1.3
'9	0.7	1.3
'10	0.5	1.0
11-15	1.3	2.7
16-20	0.5	1.7
21-50	1.2	3.0
51-100	0.7	1.1
101-150	0.3	0.0
151-200	0.0	0.0
201-500	0.0	0.0
501-1000	0.0	0.0
'1001+	0.0	0.0
