	Csa	Sal
Number of genes	85151	41127
Number of genes in orthogroups	80172	36209
Number of unassigned genes	4979	4918
Percentage of genes in orthogroups	94.2	88.0
Percentage of unassigned genes	5.8	12.0
Number of orthogroups containing species	21911	18717
Percentage of orthogroups containing species	93.9	80.2
Number of species-specific orthogroups	4622	1428
Number of genes in species-specific orthogroups	20348	6582
Percentage of genes in species-specific orthogroups	23.9	16.0


Number of genes per-species in orthogroup	Number of orthogroups	Number of orthogroups
'0	1428	4622
'1	1466	10314
'2	2739	5257
'3	11948	1886
'4	2370	571
'5	1032	245
'6	892	140
'7	442	80
'8	233	57
'9	163	27
'10	111	14
11-15	298	58
16-20	92	23
21-50	108	36
51-100	15	3
101-150	2	4
151-200	0	1
201-500	0	0
501-1000	0	1
'1001+	0	0

Number of genes per-species in orthogroup	Percentage of orthogroups	Percentage of orthogroups
'0	6.1	19.8
'1	6.3	44.2
'2	11.7	22.5
'3	51.2	8.1
'4	10.2	2.4
'5	4.4	1.0
'6	3.8	0.6
'7	1.9	0.3
'8	1.0	0.2
'9	0.7	0.1
'10	0.5	0.1
11-15	1.3	0.2
16-20	0.4	0.1
21-50	0.5	0.2
51-100	0.1	0.0
101-150	0.0	0.0
151-200	0.0	0.0
201-500	0.0	0.0
501-1000	0.0	0.0
'1001+	0.0	0.0

Number of genes per-species in orthogroup	Number of genes	Number of genes
'0	0	0
'1	1466	10314
'2	5478	10514
'3	35844	5658
'4	9480	2284
'5	5160	1225
'6	5352	840
'7	3094	560
'8	1864	456
'9	1467	243
'10	1110	140
11-15	3759	709
16-20	1639	412
21-50	3115	1055
51-100	1110	228
101-150	234	437
151-200	0	175
201-500	0	0
501-1000	0	959
'1001+	0	0

Number of genes per-species in orthogroup	Percentage of genes	Percentage of genes
'0	0.0	0.0
'1	1.7	25.1
'2	6.4	25.6
'3	42.1	13.8
'4	11.1	5.6
'5	6.1	3.0
'6	6.3	2.0
'7	3.6	1.4
'8	2.2	1.1
'9	1.7	0.6
'10	1.3	0.3
11-15	4.4	1.7
16-20	1.9	1.0
21-50	3.7	2.6
51-100	1.3	0.6
101-150	0.3	1.1
151-200	0.0	0.4
201-500	0.0	0.0
501-1000	0.0	2.3
'1001+	0.0	0.0
