Number of species	2
Number of genes	126278
Number of genes in orthogroups	116381
Number of unassigned genes	9897
Percentage of genes in orthogroups	92.2
Percentage of unassigned genes	7.8
Number of orthogroups	23339
Number of species-specific orthogroups	6050
Number of genes in species-specific orthogroups	26930
Percentage of genes in species-specific orthogroups	21.3
Mean orthogroup size	5.0
Median orthogroup size	4.0
G50 (assigned genes)	5
G50 (all genes)	5
O50 (assigned genes)	7318
O50 (all genes)	8308
Number of orthogroups with all species present	17289
Number of single-copy orthogroups	765
Date	2023-02-18
Orthogroups file	Orthogroups.tsv
Unassigned genes file	Orthogroups_UnassignedGenes.tsv
Per-species statistics	Statistics_PerSpecies.tsv
Overall statistics	Statistics_Overall.tsv
Orthogroups shared between species	Orthogroups_SpeciesOverlaps.tsv

Average number of genes per-species in orthogroup	Number of orthogroups	Percentage of orthogroups	Number of genes	Percentage of genes
<1	0	0.0	0	0.0
'1	6145	26.3	16211	13.9
'2	11980	51.3	52499	45.1
'3	3087	13.2	19603	16.8
'4	1034	4.4	8705	7.5
'5	413	1.8	4300	3.7
'6	209	0.9	2588	2.2
'7	134	0.6	1933	1.7
'8	68	0.3	1116	1.0
'9	65	0.3	1203	1.0
'10	33	0.1	677	0.6
11-15	95	0.4	2395	2.1
16-20	34	0.1	1234	1.1
21-50	34	0.1	2103	1.8
51-100	7	0.0	850	0.7
101-150	0	0.0	0	0.0
151-200	0	0.0	0	0.0
201-500	1	0.0	964	0.8
501-1000	0	0.0	0	0.0
'1001+	0	0.0	0	0.0

Number of species in orthogroup	Number of orthogroups
1	6050
2	17289
