	Aar	Ath
Number of genes	23160	27654
Number of genes in orthogroups	22178	25699
Number of unassigned genes	982	1955
Percentage of genes in orthogroups	95.8	92.9
Percentage of unassigned genes	4.2	7.1
Number of orthogroups containing species	14857	15179
Percentage of orthogroups containing species	95.8	97.9
Number of species-specific orthogroups	322	644
Number of genes in species-specific orthogroups	2113	3452
Percentage of genes in species-specific orthogroups	9.1	12.5


Number of genes per-species in orthogroup	Number of orthogroups	Number of orthogroups
'0	644	322
'1	11010	9999
'2	2751	3474
'3	574	856
'4	208	332
'5	105	167
'6	45	88
'7	34	60
'8	28	36
'9	17	32
'10	15	22
11-15	31	61
16-20	19	19
21-50	17	28
51-100	1	4
101-150	2	1
151-200	0	0
201-500	0	0
501-1000	0	0
'1001+	0	0

Number of genes per-species in orthogroup	Percentage of orthogroups	Percentage of orthogroups
'0	4.2	2.1
'1	71.0	64.5
'2	17.7	22.4
'3	3.7	5.5
'4	1.3	2.1
'5	0.7	1.1
'6	0.3	0.6
'7	0.2	0.4
'8	0.2	0.2
'9	0.1	0.2
'10	0.1	0.1
11-15	0.2	0.4
16-20	0.1	0.1
21-50	0.1	0.2
51-100	0.0	0.0
101-150	0.0	0.0
151-200	0.0	0.0
201-500	0.0	0.0
501-1000	0.0	0.0
'1001+	0.0	0.0

Number of genes per-species in orthogroup	Number of genes	Number of genes
'0	0	0
'1	11010	9999
'2	5502	6948
'3	1722	2568
'4	832	1328
'5	525	835
'6	270	528
'7	238	420
'8	224	288
'9	153	288
'10	150	220
11-15	397	735
16-20	341	339
21-50	502	826
51-100	56	265
101-150	256	112
151-200	0	0
201-500	0	0
501-1000	0	0
'1001+	0	0

Number of genes per-species in orthogroup	Percentage of genes	Percentage of genes
'0	0.0	0.0
'1	47.5	36.2
'2	23.8	25.1
'3	7.4	9.3
'4	3.6	4.8
'5	2.3	3.0
'6	1.2	1.9
'7	1.0	1.5
'8	1.0	1.0
'9	0.7	1.0
'10	0.6	0.8
11-15	1.7	2.7
16-20	1.5	1.2
21-50	2.2	3.0
51-100	0.2	1.0
101-150	1.1	0.4
151-200	0.0	0.0
201-500	0.0	0.0
501-1000	0.0	0.0
'1001+	0.0	0.0
