Number of species	2
Number of genes	50814
Number of genes in orthogroups	47877
Number of unassigned genes	2937
Percentage of genes in orthogroups	94.2
Percentage of unassigned genes	5.8
Number of orthogroups	15501
Number of species-specific orthogroups	966
Number of genes in species-specific orthogroups	5565
Percentage of genes in species-specific orthogroups	11.0
Mean orthogroup size	3.1
Median orthogroup size	2.0
G50 (assigned genes)	3
G50 (all genes)	3
O50 (assigned genes)	4448
O50 (all genes)	4938
Number of orthogroups with all species present	14535
Number of single-copy orthogroups	8890
Date	2023-02-14
Orthogroups file	Orthogroups.tsv
Unassigned genes file	Orthogroups_UnassignedGenes.tsv
Per-species statistics	Statistics_PerSpecies.tsv
Overall statistics	Statistics_Overall.tsv
Orthogroups shared between species	Orthogroups_SpeciesOverlaps.tsv

Average number of genes per-species in orthogroup	Number of orthogroups	Percentage of orthogroups	Number of genes	Percentage of genes
<1	0	0.0	0	0.0
'1	11805	76.2	26194	54.7
'2	2634	17.0	11230	23.5
'3	569	3.7	3597	7.5
'4	206	1.3	1736	3.6
'5	99	0.6	1043	2.2
'6	55	0.4	681	1.4
'7	29	0.2	418	0.9
'8	20	0.1	327	0.7
'9	20	0.1	370	0.8
'10	11	0.1	225	0.5
11-15	29	0.2	747	1.6
16-20	12	0.1	425	0.9
21-50	9	0.1	515	1.1
51-100	3	0.0	369	0.8
101-150	0	0.0	0	0.0
151-200	0	0.0	0	0.0
201-500	0	0.0	0	0.0
501-1000	0	0.0	0	0.0
'1001+	0	0.0	0	0.0

Number of species in orthogroup	Number of orthogroups
1	966
2	14535
