	Cru	Tar
Number of genes	27682	26392
Number of genes in orthogroups	26047	24995
Number of unassigned genes	1635	1397
Percentage of genes in orthogroups	94.1	94.7
Percentage of unassigned genes	5.9	5.3
Number of orthogroups containing species	15441	15341
Percentage of orthogroups containing species	96.4	95.7
Number of species-specific orthogroups	684	584
Number of genes in species-specific orthogroups	3090	3167
Percentage of genes in species-specific orthogroups	11.2	12.0


Number of genes per-species in orthogroup	Number of orthogroups	Number of orthogroups
'0	584	684
'1	10578	10788
'2	3059	2803
'3	902	863
'4	354	352
'5	185	180
'6	104	94
'7	43	57
'8	36	41
'9	37	27
'10	22	32
11-15	68	55
16-20	24	25
21-50	22	22
51-100	3	2
101-150	4	0
151-200	0	0
201-500	0	0
501-1000	0	0
'1001+	0	0

Number of genes per-species in orthogroup	Percentage of orthogroups	Percentage of orthogroups
'0	3.6	4.3
'1	66.0	67.3
'2	19.1	17.5
'3	5.6	5.4
'4	2.2	2.2
'5	1.2	1.1
'6	0.6	0.6
'7	0.3	0.4
'8	0.2	0.3
'9	0.2	0.2
'10	0.1	0.2
11-15	0.4	0.3
16-20	0.1	0.2
21-50	0.1	0.1
51-100	0.0	0.0
101-150	0.0	0.0
151-200	0.0	0.0
201-500	0.0	0.0
501-1000	0.0	0.0
'1001+	0.0	0.0

Number of genes per-species in orthogroup	Number of genes	Number of genes
'0	0	0
'1	10578	10788
'2	6118	5606
'3	2706	2589
'4	1416	1408
'5	925	900
'6	624	564
'7	301	399
'8	288	328
'9	333	243
'10	220	320
11-15	839	703
16-20	407	435
21-50	621	597
51-100	209	115
101-150	462	0
151-200	0	0
201-500	0	0
501-1000	0	0
'1001+	0	0

Number of genes per-species in orthogroup	Percentage of genes	Percentage of genes
'0	0.0	0.0
'1	38.2	40.9
'2	22.1	21.2
'3	9.8	9.8
'4	5.1	5.3
'5	3.3	3.4
'6	2.3	2.1
'7	1.1	1.5
'8	1.0	1.2
'9	1.2	0.9
'10	0.8	1.2
11-15	3.0	2.7
16-20	1.5	1.6
21-50	2.2	2.3
51-100	0.8	0.4
101-150	1.7	0.0
151-200	0.0	0.0
201-500	0.0	0.0
501-1000	0.0	0.0
'1001+	0.0	0.0
