Number of species	2
Number of genes	54074
Number of genes in orthogroups	51042
Number of unassigned genes	3032
Percentage of genes in orthogroups	94.4
Percentage of unassigned genes	5.6
Number of orthogroups	16025
Number of species-specific orthogroups	1268
Number of genes in species-specific orthogroups	6257
Percentage of genes in species-specific orthogroups	11.6
Mean orthogroup size	3.2
Median orthogroup size	2.0
G50 (assigned genes)	3
G50 (all genes)	3
O50 (assigned genes)	4397
O50 (all genes)	4903
Number of orthogroups with all species present	14757
Number of single-copy orthogroups	8877
Date	2023-01-18
Orthogroups file	Orthogroups.tsv
Unassigned genes file	Orthogroups_UnassignedGenes.tsv
Per-species statistics	Statistics_PerSpecies.tsv
Overall statistics	Statistics_Overall.tsv
Orthogroups shared between species	Orthogroups_SpeciesOverlaps.tsv

Average number of genes per-species in orthogroup	Number of orthogroups	Percentage of orthogroups	Number of genes	Percentage of genes
<1	0	0.0	0	0.0
'1	12063	75.3	26826	52.6
'2	2658	16.6	11449	22.4
'3	660	4.1	4199	8.2
'4	266	1.7	2245	4.4
'5	128	0.8	1336	2.6
'6	82	0.5	1015	2.0
'7	49	0.3	707	1.4
'8	29	0.2	478	0.9
'9	22	0.1	403	0.8
'10	16	0.1	330	0.6
11-15	33	0.2	848	1.7
16-20	7	0.0	248	0.5
21-50	8	0.0	466	0.9
51-100	4	0.0	492	1.0
101-150	0	0.0	0	0.0
151-200	0	0.0	0	0.0
201-500	0	0.0	0	0.0
501-1000	0	0.0	0	0.0
'1001+	0	0.0	0	0.0

Number of species in orthogroup	Number of orthogroups
1	1268
2	14757
