	Ath	Sal
Number of genes	27654	41127
Number of genes in orthogroups	25966	38426
Number of unassigned genes	1688	2701
Percentage of genes in orthogroups	93.9	93.4
Percentage of unassigned genes	6.1	6.6
Number of orthogroups containing species	17196	17771
Percentage of orthogroups containing species	94.6	97.8
Number of species-specific orthogroups	407	982
Number of genes in species-specific orthogroups	1603	5083
Percentage of genes in species-specific orthogroups	5.8	12.4


Number of genes per-species in orthogroup	Number of orthogroups	Number of orthogroups
'0	982	407
'1	12656	7884
'2	3082	5705
'3	723	2487
'4	298	816
'5	135	391
'6	83	192
'7	47	98
'8	37	45
'9	37	23
'10	17	21
11-15	44	47
16-20	15	25
21-50	21	23
51-100	1	7
101-150	0	3
151-200	0	2
201-500	0	1
501-1000	0	1
'1001+	0	0

Number of genes per-species in orthogroup	Percentage of orthogroups	Percentage of orthogroups
'0	5.4	2.2
'1	69.6	43.4
'2	17.0	31.4
'3	4.0	13.7
'4	1.6	4.5
'5	0.7	2.2
'6	0.5	1.1
'7	0.3	0.5
'8	0.2	0.2
'9	0.2	0.1
'10	0.1	0.1
11-15	0.2	0.3
16-20	0.1	0.1
21-50	0.1	0.1
51-100	0.0	0.0
101-150	0.0	0.0
151-200	0.0	0.0
201-500	0.0	0.0
501-1000	0.0	0.0
'1001+	0.0	0.0

Number of genes per-species in orthogroup	Number of genes	Number of genes
'0	0	0
'1	12656	7884
'2	6164	11410
'3	2169	7461
'4	1192	3264
'5	675	1955
'6	498	1152
'7	329	686
'8	296	360
'9	333	207
'10	170	210
11-15	543	578
16-20	267	441
21-50	623	735
51-100	51	464
101-150	0	312
151-200	0	334
201-500	0	381
501-1000	0	592
'1001+	0	0

Number of genes per-species in orthogroup	Percentage of genes	Percentage of genes
'0	0.0	0.0
'1	45.8	19.2
'2	22.3	27.7
'3	7.8	18.1
'4	4.3	7.9
'5	2.4	4.8
'6	1.8	2.8
'7	1.2	1.7
'8	1.1	0.9
'9	1.2	0.5
'10	0.6	0.5
11-15	2.0	1.4
16-20	1.0	1.1
21-50	2.3	1.8
51-100	0.2	1.1
101-150	0.0	0.8
151-200	0.0	0.8
201-500	0.0	0.9
501-1000	0.0	1.4
'1001+	0.0	0.0
