Number of species	2
Number of genes	68781
Number of genes in orthogroups	64392
Number of unassigned genes	4389
Percentage of genes in orthogroups	93.6
Percentage of unassigned genes	6.4
Number of orthogroups	18178
Number of species-specific orthogroups	1389
Number of genes in species-specific orthogroups	6686
Percentage of genes in species-specific orthogroups	9.7
Mean orthogroup size	3.5
Median orthogroup size	3.0
G50 (assigned genes)	4
G50 (all genes)	3
O50 (assigned genes)	5159
O50 (all genes)	5717
Number of orthogroups with all species present	16789
Number of single-copy orthogroups	6828
Date	2023-02-11
Orthogroups file	Orthogroups.tsv
Unassigned genes file	Orthogroups_UnassignedGenes.tsv
Per-species statistics	Statistics_PerSpecies.tsv
Overall statistics	Statistics_Overall.tsv
Orthogroups shared between species	Orthogroups_SpeciesOverlaps.tsv

Average number of genes per-species in orthogroup	Number of orthogroups	Percentage of orthogroups	Number of genes	Percentage of genes
<1	0	0.0	0	0.0
'1	12497	68.7	30108	46.8
'2	3868	21.3	16708	25.9
'3	1071	5.9	6807	10.6
'4	360	2.0	3005	4.7
'5	156	0.9	1626	2.5
'6	69	0.4	853	1.3
'7	25	0.1	359	0.6
'8	33	0.2	544	0.8
'9	22	0.1	411	0.6
'10	13	0.1	264	0.4
11-15	29	0.2	731	1.1
16-20	13	0.1	494	0.8
21-50	15	0.1	851	1.3
51-100	5	0.0	648	1.0
101-150	0	0.0	0	0.0
151-200	1	0.0	382	0.6
201-500	1	0.0	601	0.9
501-1000	0	0.0	0	0.0
'1001+	0	0.0	0	0.0

Number of species in orthogroup	Number of orthogroups
1	1389
2	16789
