Number of species	2
Number of genes	68809
Number of genes in orthogroups	64755
Number of unassigned genes	4054
Percentage of genes in orthogroups	94.1
Percentage of unassigned genes	5.9
Number of orthogroups	18243
Number of species-specific orthogroups	1554
Number of genes in species-specific orthogroups	7414
Percentage of genes in species-specific orthogroups	10.8
Mean orthogroup size	3.5
Median orthogroup size	3.0
G50 (assigned genes)	4
G50 (all genes)	4
O50 (assigned genes)	5132
O50 (all genes)	5639
Number of orthogroups with all species present	16689
Number of single-copy orthogroups	6892
Date	2023-02-14
Orthogroups file	Orthogroups.tsv
Unassigned genes file	Orthogroups_UnassignedGenes.tsv
Per-species statistics	Statistics_PerSpecies.tsv
Overall statistics	Statistics_Overall.tsv
Orthogroups shared between species	Orthogroups_SpeciesOverlaps.tsv

Average number of genes per-species in orthogroup	Number of orthogroups	Percentage of orthogroups	Number of genes	Percentage of genes
<1	0	0.0	0	0.0
'1	12572	68.9	30219	46.7
'2	3852	21.1	16668	25.7
'3	1025	5.6	6493	10.0
'4	373	2.0	3113	4.8
'5	149	0.8	1552	2.4
'6	70	0.4	876	1.4
'7	50	0.3	731	1.1
'8	34	0.2	558	0.9
'9	24	0.1	440	0.7
'10	18	0.1	368	0.6
11-15	44	0.2	1140	1.8
16-20	13	0.1	485	0.7
21-50	13	0.1	728	1.1
51-100	3	0.0	320	0.5
101-150	1	0.0	204	0.3
151-200	1	0.0	336	0.5
201-500	1	0.0	524	0.8
501-1000	0	0.0	0	0.0
'1001+	0	0.0	0	0.0

Number of species in orthogroup	Number of orthogroups
1	1554
2	16689
