	Cru	Sal
Number of genes	27682	41127
Number of genes in orthogroups	26571	38184
Number of unassigned genes	1111	2943
Percentage of genes in orthogroups	96.0	92.8
Percentage of unassigned genes	4.0	7.2
Number of orthogroups containing species	17123	17809
Percentage of orthogroups containing species	93.9	97.6
Number of species-specific orthogroups	434	1120
Number of genes in species-specific orthogroups	2089	5325
Percentage of genes in species-specific orthogroups	7.5	12.9


Number of genes per-species in orthogroup	Number of orthogroups	Number of orthogroups
'0	1120	434
'1	12621	7962
'2	2991	5721
'3	698	2476
'4	289	802
'5	162	367
'6	84	182
'7	54	84
'8	41	49
'9	37	22
'10	24	20
11-15	69	57
16-20	21	26
21-50	32	29
51-100	0	6
101-150	0	3
151-200	0	0
201-500	0	2
501-1000	0	1
'1001+	0	0

Number of genes per-species in orthogroup	Percentage of orthogroups	Percentage of orthogroups
'0	6.1	2.4
'1	69.2	43.6
'2	16.4	31.4
'3	3.8	13.6
'4	1.6	4.4
'5	0.9	2.0
'6	0.5	1.0
'7	0.3	0.5
'8	0.2	0.3
'9	0.2	0.1
'10	0.1	0.1
11-15	0.4	0.3
16-20	0.1	0.1
21-50	0.2	0.2
51-100	0.0	0.0
101-150	0.0	0.0
151-200	0.0	0.0
201-500	0.0	0.0
501-1000	0.0	0.0
'1001+	0.0	0.0

Number of genes per-species in orthogroup	Number of genes	Number of genes
'0	0	0
'1	12621	7962
'2	5982	11442
'3	2094	7428
'4	1156	3208
'5	810	1835
'6	504	1092
'7	378	588
'8	328	392
'9	333	198
'10	240	200
11-15	874	724
16-20	358	460
21-50	893	888
51-100	0	395
101-150	0	318
151-200	0	0
201-500	0	535
501-1000	0	519
'1001+	0	0

Number of genes per-species in orthogroup	Percentage of genes	Percentage of genes
'0	0.0	0.0
'1	45.6	19.4
'2	21.6	27.8
'3	7.6	18.1
'4	4.2	7.8
'5	2.9	4.5
'6	1.8	2.7
'7	1.4	1.4
'8	1.2	1.0
'9	1.2	0.5
'10	0.9	0.5
11-15	3.2	1.8
16-20	1.3	1.1
21-50	3.2	2.2
51-100	0.0	1.0
101-150	0.0	0.8
151-200	0.0	0.0
201-500	0.0	1.3
501-1000	0.0	1.3
'1001+	0.0	0.0
