	Sal	Tar
Number of genes	41127	26392
Number of genes in orthogroups	33964	24981
Number of unassigned genes	7163	1411
Percentage of genes in orthogroups	82.6	94.7
Percentage of unassigned genes	17.4	5.3
Number of orthogroups containing species	16703	14992
Percentage of orthogroups containing species	97.4	87.4
Number of species-specific orthogroups	2153	442
Number of genes in species-specific orthogroups	8513	2052
Percentage of genes in species-specific orthogroups	20.7	7.8


Number of genes per-species in orthogroup	Number of orthogroups	Number of orthogroups
'0	442	2153
'1	9005	10408
'2	4538	2774
'3	1782	871
'4	593	366
'5	303	180
'6	176	103
'7	92	60
'8	53	42
'9	18	28
'10	17	36
11-15	51	75
16-20	25	23
21-50	37	25
51-100	8	1
101-150	3	0
151-200	1	0
201-500	0	0
501-1000	1	0
'1001+	0	0

Number of genes per-species in orthogroup	Percentage of orthogroups	Percentage of orthogroups
'0	2.6	12.6
'1	52.5	60.7
'2	26.5	16.2
'3	10.4	5.1
'4	3.5	2.1
'5	1.8	1.0
'6	1.0	0.6
'7	0.5	0.3
'8	0.3	0.2
'9	0.1	0.2
'10	0.1	0.2
11-15	0.3	0.4
16-20	0.1	0.1
21-50	0.2	0.1
51-100	0.0	0.0
101-150	0.0	0.0
151-200	0.0	0.0
201-500	0.0	0.0
501-1000	0.0	0.0
'1001+	0.0	0.0

Number of genes per-species in orthogroup	Number of genes	Number of genes
'0	0	0
'1	9005	10408
'2	9076	5548
'3	5346	2613
'4	2372	1464
'5	1515	900
'6	1056	618
'7	644	420
'8	424	336
'9	162	252
'10	170	360
11-15	632	933
16-20	442	401
21-50	1184	677
51-100	614	51
101-150	319	0
151-200	170	0
201-500	0	0
501-1000	833	0
'1001+	0	0

Number of genes per-species in orthogroup	Percentage of genes	Percentage of genes
'0	0.0	0.0
'1	21.9	39.4
'2	22.1	21.0
'3	13.0	9.9
'4	5.8	5.5
'5	3.7	3.4
'6	2.6	2.3
'7	1.6	1.6
'8	1.0	1.3
'9	0.4	1.0
'10	0.4	1.4
11-15	1.5	3.5
16-20	1.1	1.5
21-50	2.9	2.6
51-100	1.5	0.2
101-150	0.8	0.0
151-200	0.4	0.0
201-500	0.0	0.0
501-1000	2.0	0.0
'1001+	0.0	0.0
