Number of species	2
Number of genes	67519
Number of genes in orthogroups	58945
Number of unassigned genes	8574
Percentage of genes in orthogroups	87.3
Percentage of unassigned genes	12.7
Number of orthogroups	17145
Number of species-specific orthogroups	2595
Number of genes in species-specific orthogroups	10565
Percentage of genes in species-specific orthogroups	15.6
Mean orthogroup size	3.4
Median orthogroup size	3.0
G50 (assigned genes)	4
G50 (all genes)	3
O50 (assigned genes)	4571
O50 (all genes)	5937
Number of orthogroups with all species present	14550
Number of single-copy orthogroups	7154
Date	2023-02-16
Orthogroups file	Orthogroups.tsv
Unassigned genes file	Orthogroups_UnassignedGenes.tsv
Per-species statistics	Statistics_PerSpecies.tsv
Overall statistics	Statistics_Overall.tsv
Orthogroups shared between species	Orthogroups_SpeciesOverlaps.tsv

Average number of genes per-species in orthogroup	Number of orthogroups	Percentage of orthogroups	Number of genes	Percentage of genes
<1	0	0.0	0	0.0
'1	12385	72.2	28716	48.7
'2	3167	18.5	13697	23.2
'3	870	5.1	5538	9.4
'4	312	1.8	2615	4.4
'5	136	0.8	1432	2.4
'6	76	0.4	944	1.6
'7	52	0.3	752	1.3
'8	24	0.1	395	0.7
'9	26	0.2	479	0.8
'10	19	0.1	391	0.7
11-15	40	0.2	1002	1.7
16-20	14	0.1	508	0.9
21-50	18	0.1	1040	1.8
51-100	5	0.0	593	1.0
101-150	0	0.0	0	0.0
151-200	0	0.0	0	0.0
201-500	1	0.0	843	1.4
501-1000	0	0.0	0	0.0
'1001+	0	0.0	0	0.0

Number of species in orthogroup	Number of orthogroups
1	2595
2	14550
