	Chi	Csa
Number of genes	29458	85151
Number of genes in orthogroups	27865	70891
Number of unassigned genes	1593	14260
Percentage of genes in orthogroups	94.6	83.3
Percentage of unassigned genes	5.4	16.7
Number of orthogroups containing species	18905	23031
Percentage of orthogroups containing species	80.4	97.9
Number of species-specific orthogroups	497	4623
Number of genes in species-specific orthogroups	2212	18181
Percentage of genes in species-specific orthogroups	7.5	21.4


Number of genes per-species in orthogroup	Number of orthogroups	Number of orthogroups
'0	4623	497
'1	14713	4280
'2	2645	4157
'3	727	9906
'4	338	2056
'5	158	957
'6	91	618
'7	54	329
'8	38	197
'9	38	121
'10	16	86
11-15	40	194
16-20	21	55
21-50	22	68
51-100	3	6
101-150	1	1
151-200	0	0
201-500	0	0
501-1000	0	0
'1001+	0	0

Number of genes per-species in orthogroup	Percentage of orthogroups	Percentage of orthogroups
'0	19.6	2.1
'1	62.5	18.2
'2	11.2	17.7
'3	3.1	42.1
'4	1.4	8.7
'5	0.7	4.1
'6	0.4	2.6
'7	0.2	1.4
'8	0.2	0.8
'9	0.2	0.5
'10	0.1	0.4
11-15	0.2	0.8
16-20	0.1	0.2
21-50	0.1	0.3
51-100	0.0	0.0
101-150	0.0	0.0
151-200	0.0	0.0
201-500	0.0	0.0
501-1000	0.0	0.0
'1001+	0.0	0.0

Number of genes per-species in orthogroup	Number of genes	Number of genes
'0	0	0
'1	14713	4280
'2	5290	8314
'3	2181	29718
'4	1352	8224
'5	790	4785
'6	546	3708
'7	378	2303
'8	304	1576
'9	342	1089
'10	160	860
11-15	507	2444
16-20	368	988
21-50	646	2005
51-100	182	495
101-150	106	102
151-200	0	0
201-500	0	0
501-1000	0	0
'1001+	0	0

Number of genes per-species in orthogroup	Percentage of genes	Percentage of genes
'0	0.0	0.0
'1	49.9	5.0
'2	18.0	9.8
'3	7.4	34.9
'4	4.6	9.7
'5	2.7	5.6
'6	1.9	4.4
'7	1.3	2.7
'8	1.0	1.9
'9	1.2	1.3
'10	0.5	1.0
11-15	1.7	2.9
16-20	1.2	1.2
21-50	2.2	2.4
51-100	0.6	0.6
101-150	0.4	0.1
151-200	0.0	0.0
201-500	0.0	0.0
501-1000	0.0	0.0
'1001+	0.0	0.0
