Number of species	2
Number of genes	114609
Number of genes in orthogroups	98756
Number of unassigned genes	15853
Percentage of genes in orthogroups	86.2
Percentage of unassigned genes	13.8
Number of orthogroups	23528
Number of species-specific orthogroups	5120
Number of genes in species-specific orthogroups	20393
Percentage of genes in species-specific orthogroups	17.8
Mean orthogroup size	4.2
Median orthogroup size	4.0
G50 (assigned genes)	4
G50 (all genes)	4
O50 (assigned genes)	7516
O50 (all genes)	9498
Number of orthogroups with all species present	18408
Number of single-copy orthogroups	3554
Date	2023-02-16
Orthogroups file	Orthogroups.tsv
Unassigned genes file	Orthogroups_UnassignedGenes.tsv
Per-species statistics	Statistics_PerSpecies.tsv
Overall statistics	Statistics_Overall.tsv
Orthogroups shared between species	Orthogroups_SpeciesOverlaps.tsv

Average number of genes per-species in orthogroup	Number of orthogroups	Percentage of orthogroups	Number of genes	Percentage of genes
<1	0	0.0	0	0.0
'1	9319	39.6	22606	22.9
'2	10798	45.9	45500	46.1
'3	1876	8.0	11943	12.1
'4	791	3.4	6630	6.7
'5	291	1.2	3038	3.1
'6	136	0.6	1689	1.7
'7	90	0.4	1307	1.3
'8	52	0.2	855	0.9
'9	39	0.2	720	0.7
'10	28	0.1	571	0.6
11-15	60	0.3	1537	1.6
16-20	23	0.1	813	0.8
21-50	23	0.1	1326	1.3
51-100	2	0.0	221	0.2
101-150	0	0.0	0	0.0
151-200	0	0.0	0	0.0
201-500	0	0.0	0	0.0
501-1000	0	0.0	0	0.0
'1001+	0	0.0	0	0.0

Number of species in orthogroup	Number of orthogroups
1	5120
2	18408
