Number of species	2
Number of genes	112833
Number of genes in orthogroups	95635
Number of unassigned genes	17198
Percentage of genes in orthogroups	84.8
Percentage of unassigned genes	15.2
Number of orthogroups	23540
Number of species-specific orthogroups	3964
Number of genes in species-specific orthogroups	15801
Percentage of genes in species-specific orthogroups	14.0
Mean orthogroup size	4.1
Median orthogroup size	4.0
G50 (assigned genes)	4
G50 (all genes)	4
O50 (assigned genes)	7517
O50 (all genes)	9667
Number of orthogroups with all species present	19576
Number of single-copy orthogroups	4851
Date	2023-02-15
Orthogroups file	Orthogroups.tsv
Unassigned genes file	Orthogroups_UnassignedGenes.tsv
Per-species statistics	Statistics_PerSpecies.tsv
Overall statistics	Statistics_Overall.tsv
Orthogroups shared between species	Orthogroups_SpeciesOverlaps.tsv

Average number of genes per-species in orthogroup	Number of orthogroups	Percentage of orthogroups	Number of genes	Percentage of genes
<1	0	0.0	0	0.0
'1	9805	41.7	22944	24.0
'2	10573	44.9	44393	46.4
'3	1646	7.0	10520	11.0
'4	773	3.3	6462	6.8
'5	288	1.2	3004	3.1
'6	151	0.6	1873	2.0
'7	89	0.4	1281	1.3
'8	77	0.3	1263	1.3
'9	40	0.2	743	0.8
'10	22	0.1	450	0.5
11-15	41	0.2	1004	1.0
16-20	19	0.1	673	0.7
21-50	16	0.1	1025	1.1
51-100	0	0.0	0	0.0
101-150	0	0.0	0	0.0
151-200	0	0.0	0	0.0
201-500	0	0.0	0	0.0
501-1000	0	0.0	0	0.0
'1001+	0	0.0	0	0.0

Number of species in orthogroup	Number of orthogroups
1	3964
2	19576
