	Cru	Csa
Number of genes	27682	85151
Number of genes in orthogroups	26533	69102
Number of unassigned genes	1149	16049
Percentage of genes in orthogroups	95.8	81.2
Percentage of unassigned genes	4.2	18.8
Number of orthogroups containing species	19960	23156
Percentage of orthogroups containing species	84.8	98.4
Number of species-specific orthogroups	384	3580
Number of genes in species-specific orthogroups	1495	14306
Percentage of genes in species-specific orthogroups	5.4	16.8


Number of genes per-species in orthogroup	Number of orthogroups	Number of orthogroups
'0	3580	384
'1	16389	5282
'2	2424	4310
'3	578	8859
'4	235	1993
'5	124	970
'6	55	630
'7	36	342
'8	25	227
'9	19	126
'10	16	95
11-15	41	201
16-20	10	61
21-50	8	51
51-100	0	9
101-150	0	0
151-200	0	0
201-500	0	0
501-1000	0	0
'1001+	0	0

Number of genes per-species in orthogroup	Percentage of orthogroups	Percentage of orthogroups
'0	15.2	1.6
'1	69.6	22.4
'2	10.3	18.3
'3	2.5	37.6
'4	1.0	8.5
'5	0.5	4.1
'6	0.2	2.7
'7	0.2	1.5
'8	0.1	1.0
'9	0.1	0.5
'10	0.1	0.4
11-15	0.2	0.9
16-20	0.0	0.3
21-50	0.0	0.2
51-100	0.0	0.0
101-150	0.0	0.0
151-200	0.0	0.0
201-500	0.0	0.0
501-1000	0.0	0.0
'1001+	0.0	0.0

Number of genes per-species in orthogroup	Number of genes	Number of genes
'0	0	0
'1	16389	5282
'2	4848	8620
'3	1734	26577
'4	940	7972
'5	620	4850
'6	330	3780
'7	252	2394
'8	200	1816
'9	171	1134
'10	160	950
11-15	513	2503
16-20	167	1073
21-50	209	1457
51-100	0	694
101-150	0	0
151-200	0	0
201-500	0	0
501-1000	0	0
'1001+	0	0

Number of genes per-species in orthogroup	Percentage of genes	Percentage of genes
'0	0.0	0.0
'1	59.2	6.2
'2	17.5	10.1
'3	6.3	31.2
'4	3.4	9.4
'5	2.2	5.7
'6	1.2	4.4
'7	0.9	2.8
'8	0.7	2.1
'9	0.6	1.3
'10	0.6	1.1
11-15	1.9	2.9
16-20	0.6	1.3
21-50	0.8	1.7
51-100	0.0	0.8
101-150	0.0	0.0
151-200	0.0	0.0
201-500	0.0	0.0
501-1000	0.0	0.0
'1001+	0.0	0.0
