Number of species	2
Number of genes	55850
Number of genes in orthogroups	52524
Number of unassigned genes	3326
Percentage of genes in orthogroups	94.0
Percentage of unassigned genes	6.0
Number of orthogroups	15898
Number of species-specific orthogroups	1204
Number of genes in species-specific orthogroups	5664
Percentage of genes in species-specific orthogroups	10.1
Mean orthogroup size	3.3
Median orthogroup size	2.0
G50 (assigned genes)	3
G50 (all genes)	3
O50 (assigned genes)	4128
O50 (all genes)	4683
Number of orthogroups with all species present	14694
Number of single-copy orthogroups	8500
Date	2023-01-18
Orthogroups file	Orthogroups.tsv
Unassigned genes file	Orthogroups_UnassignedGenes.tsv
Per-species statistics	Statistics_PerSpecies.tsv
Overall statistics	Statistics_Overall.tsv
Orthogroups shared between species	Orthogroups_SpeciesOverlaps.tsv

Average number of genes per-species in orthogroup	Number of orthogroups	Percentage of orthogroups	Number of genes	Percentage of genes
<1	0	0.0	0	0.0
'1	11801	74.2	26355	50.2
'2	2629	16.5	11380	21.7
'3	734	4.6	4657	8.9
'4	300	1.9	2526	4.8
'5	152	1.0	1587	3.0
'6	92	0.6	1131	2.2
'7	59	0.4	857	1.6
'8	31	0.2	513	1.0
'9	21	0.1	392	0.7
'10	13	0.1	263	0.5
11-15	36	0.2	910	1.7
16-20	13	0.1	460	0.9
21-50	11	0.1	647	1.2
51-100	6	0.0	846	1.6
101-150	0	0.0	0	0.0
151-200	0	0.0	0	0.0
201-500	0	0.0	0	0.0
501-1000	0	0.0	0	0.0
'1001+	0	0.0	0	0.0

Number of species in orthogroup	Number of orthogroups
1	1204
2	14694
