	Chi	Tar
Number of genes	29458	26392
Number of genes in orthogroups	27762	24762
Number of unassigned genes	1696	1630
Percentage of genes in orthogroups	94.2	93.8
Percentage of unassigned genes	5.8	6.2
Number of orthogroups containing species	15352	15240
Percentage of orthogroups containing species	96.6	95.9
Number of species-specific orthogroups	658	546
Number of genes in species-specific orthogroups	3095	2569
Percentage of genes in species-specific orthogroups	10.5	9.7


Number of genes per-species in orthogroup	Number of orthogroups	Number of orthogroups
'0	546	658
'1	10114	10657
'2	3137	2837
'3	989	899
'4	442	334
'5	203	168
'6	136	97
'7	78	63
'8	55	33
'9	41	35
'10	22	15
11-15	73	62
16-20	27	17
21-50	23	21
51-100	7	1
101-150	4	1
151-200	1	0
201-500	0	0
501-1000	0	0
'1001+	0	0

Number of genes per-species in orthogroup	Percentage of orthogroups	Percentage of orthogroups
'0	3.4	4.1
'1	63.6	67.0
'2	19.7	17.8
'3	6.2	5.7
'4	2.8	2.1
'5	1.3	1.1
'6	0.9	0.6
'7	0.5	0.4
'8	0.3	0.2
'9	0.3	0.2
'10	0.1	0.1
11-15	0.5	0.4
16-20	0.2	0.1
21-50	0.1	0.1
51-100	0.0	0.0
101-150	0.0	0.0
151-200	0.0	0.0
201-500	0.0	0.0
501-1000	0.0	0.0
'1001+	0.0	0.0

Number of genes per-species in orthogroup	Number of genes	Number of genes
'0	0	0
'1	10114	10657
'2	6274	5674
'3	2967	2697
'4	1768	1336
'5	1015	840
'6	816	582
'7	546	441
'8	440	264
'9	369	315
'10	220	150
11-15	929	780
16-20	482	299
21-50	672	573
51-100	452	52
101-150	533	102
151-200	165	0
201-500	0	0
501-1000	0	0
'1001+	0	0

Number of genes per-species in orthogroup	Percentage of genes	Percentage of genes
'0	0.0	0.0
'1	34.3	40.4
'2	21.3	21.5
'3	10.1	10.2
'4	6.0	5.1
'5	3.4	3.2
'6	2.8	2.2
'7	1.9	1.7
'8	1.5	1.0
'9	1.3	1.2
'10	0.7	0.6
11-15	3.2	3.0
16-20	1.6	1.1
21-50	2.3	2.2
51-100	1.5	0.2
101-150	1.8	0.4
151-200	0.6	0.0
201-500	0.0	0.0
501-1000	0.0	0.0
'1001+	0.0	0.0
