Number of species	2
Number of genes	81619
Number of genes in orthogroups	76836
Number of unassigned genes	4783
Percentage of genes in orthogroups	94.1
Percentage of unassigned genes	5.9
Number of orthogroups	21661
Number of species-specific orthogroups	1318
Number of genes in species-specific orthogroups	5782
Percentage of genes in species-specific orthogroups	7.1
Mean orthogroup size	3.5
Median orthogroup size	3.0
G50 (assigned genes)	4
G50 (all genes)	4
O50 (assigned genes)	6218
O50 (all genes)	6816
Number of orthogroups with all species present	20343
Number of single-copy orthogroups	9238
Date	2023-02-17
Orthogroups file	Orthogroups.tsv
Unassigned genes file	Orthogroups_UnassignedGenes.tsv
Per-species statistics	Statistics_PerSpecies.tsv
Overall statistics	Statistics_Overall.tsv
Orthogroups shared between species	Orthogroups_SpeciesOverlaps.tsv

Average number of genes per-species in orthogroup	Number of orthogroups	Percentage of orthogroups	Number of genes	Percentage of genes
<1	0	0.0	0	0.0
'1	13507	62.4	30672	39.9
'2	5649	26.1	24137	31.4
'3	1600	7.4	10029	13.1
'4	393	1.8	3290	4.3
'5	213	1.0	2230	2.9
'6	111	0.5	1378	1.8
'7	47	0.2	682	0.9
'8	37	0.2	611	0.8
'9	23	0.1	431	0.6
'10	16	0.1	328	0.4
11-15	36	0.2	908	1.2
16-20	17	0.1	620	0.8
21-50	9	0.0	533	0.7
51-100	2	0.0	206	0.3
101-150	0	0.0	0	0.0
151-200	0	0.0	0	0.0
201-500	1	0.0	781	1.0
501-1000	0	0.0	0	0.0
'1001+	0	0.0	0	0.0

Number of species in orthogroup	Number of orthogroups
1	1318
2	20343
