	Bra	Sal
Number of genes	40492	41127
Number of genes in orthogroups	38776	38060
Number of unassigned genes	1716	3067
Percentage of genes in orthogroups	95.8	92.5
Percentage of unassigned genes	4.2	7.5
Number of orthogroups containing species	20913	21091
Percentage of orthogroups containing species	96.5	97.4
Number of species-specific orthogroups	570	748
Number of genes in species-specific orthogroups	2204	3578
Percentage of genes in species-specific orthogroups	5.4	8.7


Number of genes per-species in orthogroup	Number of orthogroups	Number of orthogroups
'0	748	570
'1	10983	12004
'2	6337	6004
'3	2215	1924
'4	611	537
'5	310	236
'6	147	145
'7	76	62
'8	65	39
'9	35	16
'10	28	15
11-15	55	53
16-20	23	27
21-50	27	22
51-100	1	4
101-150	0	2
151-200	0	0
201-500	0	0
501-1000	0	1
'1001+	0	0

Number of genes per-species in orthogroup	Percentage of orthogroups	Percentage of orthogroups
'0	3.5	2.6
'1	50.7	55.4
'2	29.3	27.7
'3	10.2	8.9
'4	2.8	2.5
'5	1.4	1.1
'6	0.7	0.7
'7	0.4	0.3
'8	0.3	0.2
'9	0.2	0.1
'10	0.1	0.1
11-15	0.3	0.2
16-20	0.1	0.1
21-50	0.1	0.1
51-100	0.0	0.0
101-150	0.0	0.0
151-200	0.0	0.0
201-500	0.0	0.0
501-1000	0.0	0.0
'1001+	0.0	0.0

Number of genes per-species in orthogroup	Number of genes	Number of genes
'0	0	0
'1	10983	12004
'2	12674	12008
'3	6645	5772
'4	2444	2148
'5	1550	1180
'6	882	870
'7	532	434
'8	520	312
'9	315	144
'10	280	150
11-15	678	660
16-20	408	474
21-50	788	663
51-100	77	262
101-150	0	206
151-200	0	0
201-500	0	0
501-1000	0	773
'1001+	0	0

Number of genes per-species in orthogroup	Percentage of genes	Percentage of genes
'0	0.0	0.0
'1	27.1	29.2
'2	31.3	29.2
'3	16.4	14.0
'4	6.0	5.2
'5	3.8	2.9
'6	2.2	2.1
'7	1.3	1.1
'8	1.3	0.8
'9	0.8	0.4
'10	0.7	0.4
11-15	1.7	1.6
16-20	1.0	1.2
21-50	1.9	1.6
51-100	0.2	0.6
101-150	0.0	0.5
151-200	0.0	0.0
201-500	0.0	0.0
501-1000	0.0	1.9
'1001+	0.0	0.0
