	Aar	Bra
Number of genes	23160	40492
Number of genes in orthogroups	22057	36938
Number of unassigned genes	1103	3554
Percentage of genes in orthogroups	95.2	91.2
Percentage of unassigned genes	4.8	8.8
Number of orthogroups containing species	14740	16170
Percentage of orthogroups containing species	89.3	97.9
Number of species-specific orthogroups	339	1769
Number of genes in species-specific orthogroups	2276	7890
Percentage of genes in species-specific orthogroups	9.8	19.5


Number of genes per-species in orthogroup	Number of orthogroups	Number of orthogroups
'0	1769	339
'1	10972	6796
'2	2668	5133
'3	565	2279
'4	203	807
'5	105	453
'6	55	229
'7	32	137
'8	33	75
'9	22	59
'10	16	26
11-15	31	89
16-20	17	42
21-50	18	31
51-100	1	12
101-150	1	1
151-200	1	1
201-500	0	0
501-1000	0	0
'1001+	0	0

Number of genes per-species in orthogroup	Percentage of orthogroups	Percentage of orthogroups
'0	10.7	2.1
'1	66.5	41.2
'2	16.2	31.1
'3	3.4	13.8
'4	1.2	4.9
'5	0.6	2.7
'6	0.3	1.4
'7	0.2	0.8
'8	0.2	0.5
'9	0.1	0.4
'10	0.1	0.2
11-15	0.2	0.5
16-20	0.1	0.3
21-50	0.1	0.2
51-100	0.0	0.1
101-150	0.0	0.0
151-200	0.0	0.0
201-500	0.0	0.0
501-1000	0.0	0.0
'1001+	0.0	0.0

Number of genes per-species in orthogroup	Number of genes	Number of genes
'0	0	0
'1	10972	6796
'2	5336	10266
'3	1695	6837
'4	812	3228
'5	525	2265
'6	330	1374
'7	224	959
'8	264	600
'9	198	531
'10	160	260
11-15	397	1113
16-20	302	753
21-50	508	892
51-100	56	782
101-150	112	101
151-200	166	181
201-500	0	0
501-1000	0	0
'1001+	0	0

Number of genes per-species in orthogroup	Percentage of genes	Percentage of genes
'0	0.0	0.0
'1	47.4	16.8
'2	23.0	25.4
'3	7.3	16.9
'4	3.5	8.0
'5	2.3	5.6
'6	1.4	3.4
'7	1.0	2.4
'8	1.1	1.5
'9	0.9	1.3
'10	0.7	0.6
11-15	1.7	2.7
16-20	1.3	1.9
21-50	2.2	2.2
51-100	0.2	1.9
101-150	0.5	0.2
151-200	0.7	0.4
201-500	0.0	0.0
501-1000	0.0	0.0
'1001+	0.0	0.0
