Number of species	2
Number of genes	63652
Number of genes in orthogroups	58995
Number of unassigned genes	4657
Percentage of genes in orthogroups	92.7
Percentage of unassigned genes	7.3
Number of orthogroups	16509
Number of species-specific orthogroups	2108
Number of genes in species-specific orthogroups	10166
Percentage of genes in species-specific orthogroups	16.0
Mean orthogroup size	3.6
Median orthogroup size	3.0
G50 (assigned genes)	4
G50 (all genes)	4
O50 (assigned genes)	4640
O50 (all genes)	5222
Number of orthogroups with all species present	14401
Number of single-copy orthogroups	5804
Date	2023-02-19
Orthogroups file	Orthogroups.tsv
Unassigned genes file	Orthogroups_UnassignedGenes.tsv
Per-species statistics	Statistics_PerSpecies.tsv
Overall statistics	Statistics_Overall.tsv
Orthogroups shared between species	Orthogroups_SpeciesOverlaps.tsv

Average number of genes per-species in orthogroup	Number of orthogroups	Percentage of orthogroups	Number of genes	Percentage of genes
<1	0	0.0	0	0.0
'1	11170	67.7	26699	45.3
'2	3506	21.2	15178	25.7
'3	1048	6.3	6657	11.3
'4	379	2.3	3188	5.4
'5	156	0.9	1621	2.7
'6	68	0.4	847	1.4
'7	44	0.3	638	1.1
'8	32	0.2	528	0.9
'9	14	0.1	261	0.4
'10	24	0.1	489	0.8
11-15	36	0.2	924	1.6
16-20	14	0.1	513	0.9
21-50	15	0.1	993	1.7
51-100	3	0.0	459	0.8
101-150	0	0.0	0	0.0
151-200	0	0.0	0	0.0
201-500	0	0.0	0	0.0
501-1000	0	0.0	0	0.0
'1001+	0	0.0	0	0.0

Number of species in orthogroup	Number of orthogroups
1	2108
2	14401
