Number of species	2
Number of genes	68146
Number of genes in orthogroups	64230
Number of unassigned genes	3916
Percentage of genes in orthogroups	94.3
Percentage of unassigned genes	5.7
Number of orthogroups	18884
Number of species-specific orthogroups	1344
Number of genes in species-specific orthogroups	5828
Percentage of genes in species-specific orthogroups	8.6
Mean orthogroup size	3.4
Median orthogroup size	3.0
G50 (assigned genes)	4
G50 (all genes)	3
O50 (assigned genes)	5621
O50 (all genes)	6216
Number of orthogroups with all species present	17540
Number of single-copy orthogroups	7321
Date	2023-02-11
Orthogroups file	Orthogroups.tsv
Unassigned genes file	Orthogroups_UnassignedGenes.tsv
Per-species statistics	Statistics_PerSpecies.tsv
Overall statistics	Statistics_Overall.tsv
Orthogroups shared between species	Orthogroups_SpeciesOverlaps.tsv

Average number of genes per-species in orthogroup	Number of orthogroups	Percentage of orthogroups	Number of genes	Percentage of genes
<1	0	0.0	0	0.0
'1	13089	69.3	31419	48.9
'2	4021	21.3	17341	27.0
'3	1051	5.6	6699	10.4
'4	381	2.0	3208	5.0
'5	149	0.8	1548	2.4
'6	65	0.3	810	1.3
'7	38	0.2	548	0.9
'8	16	0.1	264	0.4
'9	14	0.1	256	0.4
'10	9	0.0	185	0.3
11-15	29	0.2	731	1.1
16-20	11	0.1	392	0.6
21-50	10	0.1	641	1.0
51-100	1	0.0	188	0.3
101-150	0	0.0	0	0.0
151-200	0	0.0	0	0.0
201-500	0	0.0	0	0.0
501-1000	0	0.0	0	0.0
'1001+	0	0.0	0	0.0

Number of species in orthogroup	Number of orthogroups
1	1344
2	17540
