	Ath	Bra
Number of genes	27654	40492
Number of genes in orthogroups	26134	38096
Number of unassigned genes	1520	2396
Percentage of genes in orthogroups	94.5	94.1
Percentage of unassigned genes	5.5	5.9
Number of orthogroups containing species	17970	18454
Percentage of orthogroups containing species	95.2	97.7
Number of species-specific orthogroups	430	914
Number of genes in species-specific orthogroups	1844	3984
Percentage of genes in species-specific orthogroups	6.7	9.8


Number of genes per-species in orthogroup	Number of orthogroups	Number of orthogroups
'0	914	430
'1	13489	8278
'2	3107	5850
'3	722	2585
'4	278	808
'5	109	423
'6	86	194
'7	37	110
'8	36	57
'9	25	37
'10	9	18
11-15	39	57
16-20	15	13
21-50	18	16
51-100	0	7
101-150	0	0
151-200	0	1
201-500	0	0
501-1000	0	0
'1001+	0	0

Number of genes per-species in orthogroup	Percentage of orthogroups	Percentage of orthogroups
'0	4.8	2.3
'1	71.4	43.8
'2	16.5	31.0
'3	3.8	13.7
'4	1.5	4.3
'5	0.6	2.2
'6	0.5	1.0
'7	0.2	0.6
'8	0.2	0.3
'9	0.1	0.2
'10	0.0	0.1
11-15	0.2	0.3
16-20	0.1	0.1
21-50	0.1	0.1
51-100	0.0	0.0
101-150	0.0	0.0
151-200	0.0	0.0
201-500	0.0	0.0
501-1000	0.0	0.0
'1001+	0.0	0.0

Number of genes per-species in orthogroup	Number of genes	Number of genes
'0	0	0
'1	13489	8278
'2	6214	11700
'3	2166	7755
'4	1112	3232
'5	545	2115
'6	516	1164
'7	259	770
'8	288	456
'9	225	333
'10	90	180
11-15	487	701
16-20	260	229
21-50	483	492
51-100	0	504
101-150	0	0
151-200	0	187
201-500	0	0
501-1000	0	0
'1001+	0	0

Number of genes per-species in orthogroup	Percentage of genes	Percentage of genes
'0	0.0	0.0
'1	48.8	20.4
'2	22.5	28.9
'3	7.8	19.2
'4	4.0	8.0
'5	2.0	5.2
'6	1.9	2.9
'7	0.9	1.9
'8	1.0	1.1
'9	0.8	0.8
'10	0.3	0.4
11-15	1.8	1.7
16-20	0.9	0.6
21-50	1.7	1.2
51-100	0.0	1.2
101-150	0.0	0.0
151-200	0.0	0.5
201-500	0.0	0.0
501-1000	0.0	0.0
'1001+	0.0	0.0
