	Chi	Cru
Number of genes	29458	27682
Number of genes in orthogroups	28396	26647
Number of unassigned genes	1062	1035
Percentage of genes in orthogroups	96.4	96.3
Percentage of unassigned genes	3.6	3.7
Number of orthogroups containing species	18219	18239
Percentage of orthogroups containing species	97.6	97.7
Number of species-specific orthogroups	424	444
Number of genes in species-specific orthogroups	2625	2434
Percentage of genes in species-specific orthogroups	8.9	8.8


Number of genes per-species in orthogroup	Number of orthogroups	Number of orthogroups
'0	444	424
'1	13532	13830
'2	2981	3007
'3	830	669
'4	314	284
'5	177	137
'6	108	97
'7	57	50
'8	43	39
'9	33	29
'10	21	21
11-15	59	43
16-20	35	19
21-50	25	14
51-100	4	0
101-150	0	0
151-200	0	0
201-500	0	0
501-1000	0	0
'1001+	0	0

Number of genes per-species in orthogroup	Percentage of orthogroups	Percentage of orthogroups
'0	2.4	2.3
'1	72.5	74.1
'2	16.0	16.1
'3	4.4	3.6
'4	1.7	1.5
'5	0.9	0.7
'6	0.6	0.5
'7	0.3	0.3
'8	0.2	0.2
'9	0.2	0.2
'10	0.1	0.1
11-15	0.3	0.2
16-20	0.2	0.1
21-50	0.1	0.1
51-100	0.0	0.0
101-150	0.0	0.0
151-200	0.0	0.0
201-500	0.0	0.0
501-1000	0.0	0.0
'1001+	0.0	0.0

Number of genes per-species in orthogroup	Number of genes	Number of genes
'0	0	0
'1	13532	13830
'2	5962	6014
'3	2490	2007
'4	1256	1136
'5	885	685
'6	648	582
'7	399	350
'8	344	312
'9	297	261
'10	210	210
11-15	758	543
16-20	616	327
21-50	724	390
51-100	275	0
101-150	0	0
151-200	0	0
201-500	0	0
501-1000	0	0
'1001+	0	0

Number of genes per-species in orthogroup	Percentage of genes	Percentage of genes
'0	0.0	0.0
'1	45.9	50.0
'2	20.2	21.7
'3	8.5	7.3
'4	4.3	4.1
'5	3.0	2.5
'6	2.2	2.1
'7	1.4	1.3
'8	1.2	1.1
'9	1.0	0.9
'10	0.7	0.8
11-15	2.6	2.0
16-20	2.1	1.2
21-50	2.5	1.4
51-100	0.9	0.0
101-150	0.0	0.0
151-200	0.0	0.0
201-500	0.0	0.0
501-1000	0.0	0.0
'1001+	0.0	0.0
