Number of species	2
Number of genes	57140
Number of genes in orthogroups	55043
Number of unassigned genes	2097
Percentage of genes in orthogroups	96.3
Percentage of unassigned genes	3.7
Number of orthogroups	18663
Number of species-specific orthogroups	868
Number of genes in species-specific orthogroups	5059
Percentage of genes in species-specific orthogroups	8.9
Mean orthogroup size	2.9
Median orthogroup size	2.0
G50 (assigned genes)	3
G50 (all genes)	3
O50 (assigned genes)	5277
O50 (all genes)	5626
Number of orthogroups with all species present	17795
Number of single-copy orthogroups	12359
Date	2023-01-18
Orthogroups file	Orthogroups.tsv
Unassigned genes file	Orthogroups_UnassignedGenes.tsv
Per-species statistics	Statistics_PerSpecies.tsv
Overall statistics	Statistics_Overall.tsv
Orthogroups shared between species	Orthogroups_SpeciesOverlaps.tsv

Average number of genes per-species in orthogroup	Number of orthogroups	Percentage of orthogroups	Number of genes	Percentage of genes
<1	0	0.0	0	0.0
'1	14716	78.9	31510	57.2
'2	2656	14.2	11318	20.6
'3	640	3.4	4061	7.4
'4	280	1.5	2345	4.3
'5	136	0.7	1414	2.6
'6	60	0.3	749	1.4
'7	46	0.2	674	1.2
'8	44	0.2	719	1.3
'9	24	0.1	445	0.8
'10	16	0.1	328	0.6
11-15	29	0.2	752	1.4
16-20	11	0.1	399	0.7
21-50	5	0.0	329	0.6
51-100	0	0.0	0	0.0
101-150	0	0.0	0	0.0
151-200	0	0.0	0	0.0
201-500	0	0.0	0	0.0
501-1000	0	0.0	0	0.0
'1001+	0	0.0	0	0.0

Number of species in orthogroup	Number of orthogroups
1	868
2	17795
